Timestamp,Action,Case #,Auction Date,Property Address,Final Judgment,Assessed Value,Plaintiff Max Bid,Parcel ID
2026-04-15T08:12:46,NEW,2024CA003852000000,04/15/2026 10:00 AM ET,"119 SUMMERLIN LOOP HAINES CITY, FL- 33844","$372,943.63","$250,584.00","$165,000.00",272726758513000480
2026-04-15T08:12:46,NEW,2025CA000639000000,04/15/2026 10:00 AM ET,"7511 LAKE HATCHINEHA RD HAINES CITY, FL- 33844","$244,293.32","$251,608.00","$199,900.00",282818000000024010
2026-04-15T08:12:46,NEW,2025CA003242A000BA,04/15/2026 10:00 AM ET,"105 HERRING LN POINCIANA, FL- 34759","$55,969.90","$48,000.00","$55,969.90",282802934710107110
2026-04-15T08:12:46,NEW,2023CA006939000000,04/16/2026 10:00 AM ET,"830 N 8TH ST EAGLE LAKE, FL- 33839","$315,401.80","$239,035.00","$315,401.80",262907677000000507
2026-04-15T08:12:46,NEW,2024CA004254000000,04/16/2026 10:00 AM ET,"2912 LAKE ALFRED RD WINTER HAVEN, FL- 33880","$274,344.24","$152,621.00","$274,344.24",262817544500050100
2026-04-15T08:12:46,NEW,2024CC010228000000,04/17/2026 10:00 AM ET,"243 MINNIEHAHA CIR HAINES CITY, FL- 33845","$10,103.10","$375,348.00","$10,103.10",272717741010001630
2026-04-15T08:12:46,NEW,2025CA002306A000BA,04/17/2026 10:00 AM ET,"105 REBECCA DR WINTER HAVEN, FL- 33881","$196,150.29","$56,153.00","$176,769.80",262822588313000280
2026-04-15T08:12:46,NEW,2025CA002977A000BA,04/17/2026 10:00 AM ET,"311 MICHIGAN LN POINCIANA, FL- 34759","$380,314.83","$260,915.00",Hidden,282803934760011280
2026-04-15T08:12:46,NEW,2025CA004293A000BA,04/17/2026 10:00 AM ET,"1609 ITCHEPACKESASSA DR LAKELAND, FL- 33810","$209,818.57","$189,289.00","$209,818.57",232808024510000090
2026-04-15T08:12:46,NEW,2025CC002581A000BA,04/17/2026 10:00 AM ET,"259 KINGS POND AVE WINTER HAVEN, FL- 33880","$6,191.71","$162,706.00","$6,191.71",262831641446000670
2026-04-15T08:12:46,NEW,2025CC009396A000BA,04/17/2026 10:00 AM ET,"7103 TWELVE OAKS DR LAKELAND, FL- 33813","$11,261.29","$741,295.00","$11,586.29",242930290809000060
2026-04-15T08:12:46,NEW,2024CA002119000000,04/21/2026 10:00 AM ET,"140 KRENSON BAY LOOP WINTER HAVEN, FL- 33881","$371,295.81","$228,716.00","$371,295.81",262821585012000100
2026-04-15T08:12:46,NEW,2024CA003298000000,04/21/2026 10:00 AM ET,"1432 THOUSAND ROSES DR LAKE WALES, FL- 33853","$70,908.41","$55,987.00","$71,908.59",283006939399000112
2026-04-15T08:12:46,NEW,2024CC006907000000,04/21/2026 10:00 AM ET,"4341 TROTTERS WAY LAKELAND, FL- 33801","$8,211.32","$245,993.00","$8,211.32",242812178758003850
2026-04-15T08:12:46,NEW,2025CA000265000000,04/21/2026 10:00 AM ET,"326 N SCENIC HWY FROSTPROOF, FL- 33843","$131,047.05","$218,785.00","$131,047.05",283128964200001090
2026-04-15T08:12:46,NEW,2025CA002110A000BA,04/21/2026 10:00 AM ET,"1431 BUTTERFLY MILKWEED CT DAVENPORT, FL- 33837","$1,422,410.90","$800,239.00","$1,422,410.90",272624706192002580
2026-04-15T08:12:46,NEW,2025CA002658A000BA,04/21/2026 10:00 AM ET,"920 PARADISE DR DAVENPORT, FL- 33897","$541,645.44","$422,000.00",Hidden,262513998011000980
2026-04-15T08:12:46,NEW,2025CA002870A000BA,04/21/2026 10:00 AM ET,"537 MADISON DR DAVENPORT, FL- 33837","$358,860.84","$240,000.00","$358,860.84",272629707043002100
2026-04-15T08:12:46,NEW,2025CA003106A000BA,04/21/2026 10:00 AM ET,"1026 LAKE DAVENPORT BLVD DAVENPORT, FL- 33837","$349,392.41","$318,259.00","$349,392.41",262501488037001820
2026-04-15T08:12:46,NEW,2025CA003243A000BA,04/21/2026 10:00 AM ET,"200 SUMMERLIN LOOP HAINES CITY, FL- 33844","$442,319.05","$351,993.00",Hidden,272726758513000240
2026-04-15T08:12:46,NEW,2025CA003416A000BA,04/21/2026 10:00 AM ET,"411 AQUA VISTA DR HAINES CITY, FL- 33844","$391,413.17","$327,839.00","$391,413.17",272732797500000160
2026-04-15T08:12:46,NEW,2024CA004377000000,04/22/2026 10:00 AM ET,"2498 SILVER VIEW DR LAKELAND, FL- 33811","$10,579.15","$317,055.00","$10,579.15",232828138014000680
2026-04-15T08:12:46,NEW,2025CA004555A000BA,04/22/2026 10:00 AM ET,"1275 BUTTERFLY ORCHID RD DAVENPORT, FL- 33837","$1,230,462.78","$642,016.00",Hidden,272624706192002460
2026-04-15T08:12:46,NEW,2022CA002010000000,04/23/2026 10:00 AM ET,"900 NW AVENUE X WINTER HAVEN, FL- 33881","$155,422.51","$174,083.00","$155,422.51",262817542500000980
2026-04-15T08:12:46,NEW,2024CA002763000000,04/24/2026 10:00 AM ET,"1207 NE 6TH ST MULBERRY, FL- 33860","$140,481.18","$115,321.00","$140,481.18",233001142490002020
2026-04-15T08:12:46,NEW,2025CA000648000000,04/24/2026 10:00 AM ET,"2442 LILLY ST LAKE WALES, FL- 33898","$224,809.78","$154,427.00","$224,809.78",283018947200001150
2026-04-15T08:12:46,NEW,2025CA001014000000,04/24/2026 10:00 AM ET,"6437 JENNY DR LAKE WALES, FL- 33898","$326,168.54","$255,514.00","$326,168.54",282905936590006030
2026-04-15T08:12:46,NEW,2025CC003144A000BA,04/24/2026 10:00 AM ET,"205 DINNER LAKE LOOP LAKE WALES, FL- 33859","$8,396.63","$297,009.00","$8,396.63",272915864501000130
2026-04-15T08:12:46,NEW,2017CA001901000000,04/27/2026 10:00 AM ET,"244 BALLYSHANNON DR DAVENPORT, FL- 33897","$370,376.02","$208,295.00","$370,376.02",262524488065001350
2026-04-15T08:12:46,NEW,2023CA006606000000,04/27/2026 10:00 AM ET,"205 TRACY WAY LAKELAND, FL- 33809","$255,111.60","$237,562.00","$255,111.60",232713000000012310
2026-04-15T08:12:46,NEW,2025CA000177000000,04/27/2026 10:00 AM ET,"204 BOBBIE CIR LAKELAND, FL- 33813","$278,239.50","$200,078.00","$278,239.50",232901139300000350
2026-04-15T08:12:46,NEW,2025CA000253000000,04/27/2026 10:00 AM ET,"10202 QUINN RD POLK CITY, FL- 33868","$67,541.43","$137,394.00","$67,541.43",252631000000033020
2026-04-15T08:12:46,NEW,2025CA002887A000BA,04/27/2026 10:00 AM ET,"1021 KETTLES AVE LAKELAND, FL- 33805","$299,456.70","$232,585.00","$299,456.70",232812051000001130
2026-04-15T08:12:46,NEW,2025CA003346A000BA,04/27/2026 10:00 AM ET,"5557 ORO VALLEY RD AUBURNDALE, FL- 33823","$229,371.03","$222,618.00","$229,371.03",252709298384001090
2026-04-15T08:12:46,NEW,2025CA004263A000BA,04/27/2026 10:00 AM ET,"219 DELANCEY DR DAVENPORT, FL- 33837","$57,824.68","$103,583.00","$57,824.68",272706726505001860
2026-04-15T08:12:46,NEW,2021CA001661000000,04/28/2026 10:00 AM ET,"502 CANAL DR LAKE WALES, FL- 33859","$187,070.64","$288,043.00","$187,070.64",273035928400022050
2026-04-15T08:12:46,NEW,2024CA000822000000,04/29/2026 10:00 AM ET,"2217 KNIGHTS RD WINTER HAVEN, FL- 33880","$166,125.52","$137,500.00","$166,125.52",262831000000013440
2026-04-15T08:12:46,NEW,2024CA002574000000,04/29/2026 10:00 AM ET,"359 ACADIA DR POINCIANA, FL- 34759","$278,787.46","$231,058.00","$278,787.46",282722933910000410
2026-04-15T08:12:46,NEW,2025CA000645000000,04/29/2026 10:00 AM ET,"268 FIDDLEWOOD CT DAVENPORT, FL- 33837","$322,249.96","$252,154.00","$322,249.96",272710733519000770
2026-04-15T08:12:46,NEW,2024CA004307000000,04/30/2026 10:00 AM ET,"672 CHELSEA DR DAVENPORT, FL- 33897","$9,538.70","$178,767.00","$9,538.70",262512999952001620
2026-04-15T08:12:46,NEW,2025CA001849A000BA,04/30/2026 10:00 AM ET,"3281 ROYAL TERN DR WINTER HAVEN, FL- 33881","$10,214.74","$230,726.00","$10,214.74",262812531504000400
2026-04-15T08:12:46,NEW,2025CA002761A000BA,04/30/2026 10:00 AM ET,"40 HALL ST FROSTPROOF, FL- 33843","$233,301.67","$153,985.00","$233,301.67",283128964200004070
2026-04-15T08:12:46,NEW,2024CA000954000000,05/01/2026 10:00 AM ET,"279 WAVERLY LOOP LAKE WALES, FL- 33859","$112,085.36","$154,297.00","$112,085.36",272910859001000270
2026-04-15T08:12:46,NEW,2024CA004860000000,05/01/2026 10:00 AM ET,"125 RUDY ST AUBURNDALE, FL- 33823","$19,779.90","$410,507.00","$19,779.90",252735305252002000
2026-04-15T08:12:46,NEW,2025CA001123A000BA,05/01/2026 10:00 AM ET,"131 SONJA CIR DAVENPORT, FL- 33897","$327,609.38","$246,904.00","$327,609.38",262536488060000470
2026-04-15T08:12:46,NEW,2025CA001821A000BA,05/01/2026 10:00 AM ET,"4027 ROLLING OAKS DR WINTER HAVEN, FL- 33880","$62,833.04","$98,229.00","$62,833.04",252902356710000140
2026-04-15T08:12:46,NEW,2025CC002893A000BA,05/01/2026 10:00 AM ET,"3117 ST KITTS CT HAINES CITY, FL- 33844",$0.00,"$280,158.00",$0.00,272717741005002050
2026-04-15T08:12:46,NEW,2022CC005863000000,05/05/2026 10:00 AM ET,"349 LAKE DAVENPORT CIR DAVENPORT, FL- 33837","$38,550.88","$261,225.00","$38,550.88",272704725005001280
2026-04-15T08:12:46,NEW,2024CA000965000000,05/05/2026 10:00 AM ET,"2252 SWEET BAY DR LAKELAND, FL- 33811","$322,208.23","$190,361.00","$322,208.23",232910139700000040
2026-04-15T08:12:46,NEW,2024CA001307000000,05/05/2026 10:00 AM ET,"3417 YARIAN DR HAINES CITY, FL- 33844","$351,621.79","$277,441.00","$351,621.79",272719744118000250
2026-04-15T08:12:46,NEW,2024CA003336000000,05/05/2026 10:00 AM ET,"1612 FOREST HILLS LN HAINES CITY, FL- 33844","$467,624.45","$371,159.00","$467,624.45",272720749020000070
2026-04-15T08:12:46,NEW,2024CA004402000000,05/05/2026 10:00 AM ET,"123 KENTUCKY AVE N LAKELAND, FL- 33801","$456,671.50","$578,802.00","$456,671.50",242818201000015060
2026-04-15T08:12:46,NEW,2025CA001653A000BA,05/05/2026 10:00 AM ET,"830 N LINCOLN AVE LAKELAND, FL- 33815","$59,145.34","$51,332.00","$59,145.34",232813063500000261
2026-04-15T08:12:46,NEW,2025CA002837A000BA,05/05/2026 10:00 AM ET,"151 GRANADA BLVD DAVENPORT, FL- 33837","$11,346.36","$314,448.00","$11,346.36",272611701405000400
2026-04-15T08:12:46,NEW,2025CA002948A000BA,05/05/2026 10:00 AM ET,"128 PETTEWAY DR LAKELAND, FL- 33805","$174,738.39","$67,620.00","$174,738.39",232736015500005014
2026-04-15T08:12:46,NEW,2025CA003332A000BA,05/05/2026 10:00 AM ET,"2190 GREENTREE CT BARTOW, FL- 33830","$193,136.77","$159,638.00","$193,136.77",253009426820000180
2026-04-15T08:12:46,NEW,2025CC003371A000BA,05/05/2026 10:00 AM ET,"778 CHELSEA WAY LAKE WALES, FL- 33853","$8,705.16","$117,279.00","$8,705.16",272936880205000830
2026-04-15T08:12:46,NEW,2023CA005560000000,05/06/2026 10:00 AM ET,"2315 1ST ST MULBERRY, FL- 33860","$85,442.91","$110,207.00","$85,442.91",233003000000013140
2026-04-15T08:12:46,NEW,2024CA002312000000,05/06/2026 10:00 AM ET,"1060 30TH ST NW WINTER HAVEN, FL- 33881","$70,191.59","$131,673.00","$70,191.59",252824350800000460
2026-04-15T08:12:46,NEW,2025CA002577A000BA,05/06/2026 10:00 AM ET,"2536 OLIVE AVE LAKE WALES, FL- 33898","$60,022.52","$200,653.00","$60,022.52",283005939200002030
2026-04-15T08:12:46,NEW,2025CC008558A000BA,05/06/2026 10:00 AM ET,"3050 WOODMONT AVE WINTER HAVEN, FL- 33880","$25,345.05","$1,613,401.00","$25,345.05",262902663640003491
2026-04-15T08:12:46,NEW,2025CA002308A000BA,05/07/2026 10:00 AM ET,"2027 RIO GRANDE CANYON LOOP POINCIANA, FL- 34759","$14,201.23","$195,890.00","$14,201.23",282815935360129050
2026-04-15T08:12:46,NEW,2025CC003860A000BA,05/07/2026 10:00 AM ET,"414 HONEY BELL RD WINTER HAVEN, FL- 33880","$8,687.80","$192,087.00","$8,687.80",262908686701001610
2026-04-15T08:12:46,NEW,2025CC006877A000BA,05/07/2026 10:00 AM ET,"168 WILLIAMSON DR DAVENPORT, FL- 33897","$6,163.47","$283,528.00","$6,163.47",262536999937000110
2026-04-15T08:12:46,NEW,2024CA003897000000,05/08/2026 10:00 AM ET,"671 WATERFERN TRAIL DR AUBURNDALE, FL- 33823","$277,870.83","$165,000.00","$277,870.83",252736305501000210
2026-04-15T08:12:46,NEW,2025CA003345A000BA,05/08/2026 10:00 AM ET,"1123 WALNUT ST W LAKELAND, FL- 33815","$179,799.01","$243,968.00","$179,799.01",232824113000008160
2026-04-15T08:12:46,NEW,2025CA004862A000BA,05/08/2026 10:00 AM ET,"679 AVENUE L SE WINTER HAVEN, FL- 33880","$153,615.45","$66,624.00","$153,615.45",262833651800000110
2026-04-15T08:12:46,NEW,2018CA003775000000,05/11/2026 10:00 AM ET,"857 SHEEN CIR HAINES CITY, FL- 33844","$361,074.54","$226,082.00","$361,074.54",272717741011003000
2026-04-15T08:12:46,NEW,2022CA001956000000,05/11/2026 10:00 AM ET,"9040 HAMMOCK LOOP POLK CITY, FL- 33868","$93,144.81","$59,897.00","$93,144.81",242701160954000370
2026-04-15T08:12:46,NEW,2023CA004265000000,05/11/2026 10:00 AM ET,"100 EMERALD ISLE RD HAINES CITY, FL- 33844","$425,048.89","$119,369.00","$425,048.89",282805000000033030
2026-04-15T08:12:46,NEW,2025CA001156A000BA,05/11/2026 10:00 AM ET,"130 D ST 1,2,3,4 LAKE WALES, FL- 33853","$328,355.08","$201,960.00","$328,355.08",272935880000001080
2026-04-15T08:12:46,NEW,2025CA001666A000BA,05/11/2026 10:00 AM ET,"38016 HWY 27 DAVENPORT, FL- 33837","$74,563.62","$475,666.00","$74,563.62",272707727000010250
2026-04-15T08:12:46,NEW,2025CA002441A000BA,05/11/2026 10:00 AM ET,"4035 CARTERET DR WINTER HAVEN, FL- 33884","$340,303.86","$229,391.00","$340,303.86",262913687552000770
2026-04-15T08:12:46,NEW,2025CA002674A000BA,05/11/2026 10:00 AM ET,"211 LA CASA BLDG 3 LAKE WALES, FL- 33898","$93,894.74","$111,000.00","$93,894.74",273013927010032110
2026-04-15T08:12:46,NEW,2025CA002777A000BA,05/11/2026 10:00 AM ET,"5463 KNIGHTS LANDING DR LAKELAND, FL- 33810","$444,926.93","$343,618.00","$444,926.93",232728011021000320
2026-04-15T08:12:46,NEW,2025CA003071A000BA,05/11/2026 10:00 AM ET,"315 VILLA SORRENTO CIR HAINES CITY, FL- 33844","$474,901.95","$359,380.00","$474,901.95",272717741007000080
2026-04-15T08:12:46,NEW,2022CA003270000000,05/12/2026 10:00 AM ET,"3105 SCENIC HWY S LAKE WALES, FL- 33898","$432,262.60","$331,812.00","$432,262.60",273024927072000030
2026-04-15T08:12:46,NEW,2023CA006411000000,05/12/2026 10:00 AM ET,"1300 OLD STOKES RD FROSTPROOF, FL- 33843","$161,305.65","$192,118.00","$161,305.65",273126929750000580
2026-04-15T08:12:46,NEW,2024CA003504000000,05/12/2026 10:00 AM ET,"547 BIG SIOUX CT POINCIANA, FL- 34759","$309,259.18","$234,378.00","$309,259.18",282815935360023060
2026-04-15T08:12:46,NEW,2025CA000332000000,05/12/2026 10:00 AM ET,"551 EMERALD AVE LAKE WALES, FL- 33853","$52,907.55","$94,709.00","$52,907.55",273011917510005210
2026-04-15T08:12:46,NEW,2025CA004848A000BA,05/12/2026 10:00 AM ET,"1125 BRITTS LN BARTOW, FL- 33830","$228,698.36","$159,706.00","$228,698.36",253006392000000080
2026-04-15T08:12:46,NEW,2025CA000677000000,05/14/2026 10:00 AM ET,"1548 MATTIE POINTE PL AUBURNDALE, FL- 33823","$522,066.36","$332,181.00","$522,066.36",252723300012001260
2026-04-15T08:12:46,NEW,2025CA000991000000,05/14/2026 10:00 AM ET,"2586 SAN MARCO WAY WINTER HAVEN, FL- 33884","$403,293.09","$234,874.00","$403,293.09",262923690584000310
2026-04-15T08:12:46,NEW,2025CA001566A000BA,05/14/2026 10:00 AM ET,"1704 SNOOK PL POINCIANA, FL- 34759","$82,592.28","$106,237.00","$82,592.28",282802934710049020
2026-04-15T08:12:46,NEW,2025CA002154A000BA,05/14/2026 10:00 AM ET,"585 RIDGE AVE N LAKE ALFRED, FL- 33850","$396,637.53","$181,743.00","$396,637.53",262732513620005010
2026-04-15T08:12:46,NEW,2025CA004485A000BA,05/14/2026 10:00 AM ET,"3225 OAKLAND RD N LAKELAND, FL- 33801","$347,562.48","$245,450.00","$347,562.48",242810000000011150
2026-04-16T07:36:25,NEW,2025CC004804A000BA,05/05/2026 10:00 AM ET,"515 RUM RUN DAVENPORT, FL- 33837","$19,599.24","$186,000.00","$19,599.24",262512999967333030
2026-04-16T07:36:25,CLOSED,2024CA003852000000,04/15/2026 10:00 AM ET,"119 SUMMERLIN LOOP HAINES CITY, FL- 33844","$372,943.63","$250,584.00","$165,000.00",272726758513000480
2026-04-16T07:36:25,CLOSED,2025CA000639000000,04/15/2026 10:00 AM ET,"7511 LAKE HATCHINEHA RD HAINES CITY, FL- 33844","$244,293.32","$251,608.00","$199,900.00",282818000000024010
2026-04-16T07:36:25,CLOSED,2025CA003242A000BA,04/15/2026 10:00 AM ET,"105 HERRING LN POINCIANA, FL- 34759","$55,969.90","$48,000.00","$55,969.90",282802934710107110
2026-04-16T07:36:25,CLOSED,2025CA002837A000BA,05/05/2026 10:00 AM ET,"151 GRANADA BLVD DAVENPORT, FL- 33837","$11,346.36","$314,448.00","$11,346.36",272611701405000400
2026-04-16T07:36:25,CLOSED,2023CA006411000000,05/12/2026 10:00 AM ET,"1300 OLD STOKES RD FROSTPROOF, FL- 33843","$161,305.65","$192,118.00","$161,305.65",273126929750000580
2026-04-17T07:39:15,CLOSED,2023CA006939000000,04/16/2026 10:00 AM ET,"830 N 8TH ST EAGLE LAKE, FL- 33839","$315,401.80","$239,035.00",Hidden,262907677000000507
2026-04-17T07:39:15,CLOSED,2024CA004254000000,04/16/2026 10:00 AM ET,"2912 LAKE ALFRED RD WINTER HAVEN, FL- 33880","$274,344.24","$152,621.00","$274,344.24",262817544500050100
2026-04-20T04:21:10,NEW,2025CC008842A000BA,05/13/2026 10:00 AM ET,"354 PENTAS LN HAINES CITY, FL- 33844","$3,745.15","$270,180.00",Hidden,272708727506001320
2026-04-20T04:21:10,CLOSED,2024CC010228000000,04/17/2026 10:00 AM ET,"243 MINNIEHAHA CIR HAINES CITY, FL- 33845","$10,103.10","$375,348.00","$10,103.10",272717741010001630
2026-04-20T04:21:10,CLOSED,2025CA002306A000BA,04/17/2026 10:00 AM ET,"105 REBECCA DR WINTER HAVEN, FL- 33881","$196,150.29","$56,153.00","$176,769.80",262822588313000280
2026-04-20T04:21:10,CLOSED,2025CA002977A000BA,04/17/2026 10:00 AM ET,"311 MICHIGAN LN POINCIANA, FL- 34759","$380,314.83","$260,915.00",Hidden,282803934760011280
2026-04-20T04:21:10,CLOSED,2025CA004293A000BA,04/17/2026 10:00 AM ET,"1609 ITCHEPACKESASSA DR LAKELAND, FL- 33810","$209,818.57","$189,289.00",Hidden,232808024510000090
2026-04-20T04:21:10,CLOSED,2025CC002581A000BA,04/17/2026 10:00 AM ET,"259 KINGS POND AVE WINTER HAVEN, FL- 33880","$6,191.71","$162,706.00","$6,191.71",262831641446000670
2026-04-20T04:21:10,CLOSED,2025CC009396A000BA,04/17/2026 10:00 AM ET,"7103 TWELVE OAKS DR LAKELAND, FL- 33813","$11,261.29","$741,295.00","$11,586.29",242930290809000060
2026-04-20T04:21:10,CLOSED,2025CC003860A000BA,05/07/2026 10:00 AM ET,"414 HONEY BELL RD WINTER HAVEN, FL- 33880","$8,687.80","$192,087.00","$8,687.80",262908686701001610
2026-04-21T04:21:10,NEW,2025CC002581A000BA,05/12/2026 10:00 AM ET,"259 KINGS POND AVE WINTER HAVEN, FL- 33880","$6,191.71","$162,706.00","$6,191.71",262831641446000670
2026-04-21T04:21:10,NEW,2023CA006222000000,05/15/2026 10:00 AM ET,"325 THOMASDALE AVE HAINES CITY, FL- 33844","$352,731.13","$297,097.00","$352,731.13",262724489503003010
2026-04-21T04:21:10,NEW,2023CA006434000000,05/15/2026 10:00 AM ET,"550 SEARS AVE NE WINTER HAVEN, FL- 33881","$367,092.50","$288,341.00","$367,092.50",262816538000000300
2026-04-21T04:21:10,NEW,2024CC001353000000,05/15/2026 10:00 AM ET,"6575 LAKE CLARK DR LAKELAND, FL- 33813","$11,786.01","$280,236.00","$11,786.01",232924141891000410
2026-04-21T04:21:10,CLOSED,2024CA004402000000,05/05/2026 10:00 AM ET,"123 KENTUCKY AVE N LAKELAND, FL- 33801","$456,671.50","$578,802.00","$456,671.50",242818201000015060
2026-04-22T04:21:17,CLOSED,2024CA002119000000,04/21/2026 10:00 AM ET,"140 KRENSON BAY LOOP WINTER HAVEN, FL- 33881","$371,295.81","$228,716.00",Hidden,262821585012000100
2026-04-22T04:21:17,CLOSED,2024CA003298000000,04/21/2026 10:00 AM ET,"1432 THOUSAND ROSES DR LAKE WALES, FL- 33853","$70,908.41","$55,987.00",Hidden,283006939399000112
2026-04-22T04:21:17,CLOSED,2024CC006907000000,04/21/2026 10:00 AM ET,"4341 TROTTERS WAY LAKELAND, FL- 33801","$8,211.32","$245,993.00","$8,211.32",242812178758003850
2026-04-22T04:21:17,CLOSED,2025CA000265000000,04/21/2026 10:00 AM ET,"326 N SCENIC HWY FROSTPROOF, FL- 33843","$131,047.05","$218,785.00","$148,003.21",283128964200001090
2026-04-22T04:21:17,CLOSED,2025CA002110A000BA,04/21/2026 10:00 AM ET,"1431 BUTTERFLY MILKWEED CT DAVENPORT, FL- 33837","$1,422,410.90","$800,239.00","$1,341,431.00",272624706192002580
2026-04-22T04:21:17,CLOSED,2025CA002658A000BA,04/21/2026 10:00 AM ET,"920 PARADISE DR DAVENPORT, FL- 33897","$541,645.44","$422,000.00",Hidden,262513998011000980
2026-04-22T04:21:17,CLOSED,2025CA002870A000BA,04/21/2026 10:00 AM ET,"537 MADISON DR DAVENPORT, FL- 33837","$358,860.84","$240,000.00",Hidden,272629707043002100
2026-04-22T04:21:17,CLOSED,2025CA003106A000BA,04/21/2026 10:00 AM ET,"1026 LAKE DAVENPORT BLVD DAVENPORT, FL- 33837","$349,392.41","$318,259.00",Hidden,262501488037001820
2026-04-22T04:21:17,CLOSED,2025CA003243A000BA,04/21/2026 10:00 AM ET,"200 SUMMERLIN LOOP HAINES CITY, FL- 33844","$442,319.05","$351,993.00",Hidden,272726758513000240
2026-04-22T04:21:17,CLOSED,2025CA003416A000BA,04/21/2026 10:00 AM ET,"411 AQUA VISTA DR HAINES CITY, FL- 33844","$391,413.17","$327,839.00","$395,887.03",272732797500000160
2026-04-23T04:21:09,NEW,2024CA001420000000,05/19/2026 10:00 AM ET,"1368 BRAMBLEWOOD DR LAKELAND, FL- 33811","$137,499.35","$184,335.00","$137,499.35",232911139764001760
2026-04-23T04:21:09,NEW,2025CA001745A000BA,05/19/2026 10:00 AM ET,"4925 JACKSON ST WINTER HAVEN, FL- 33884","$392,151.96","$226,852.00","$392,151.96",272906855574000150
2026-04-23T04:21:09,NEW,2025CA001966A000BA,05/19/2026 10:00 AM ET,"606 RIDGEWOOD AVE DUNDEE, FL- 33838","$162,120.29","$124,810.00","$162,120.29",272821833500001092
2026-04-23T04:21:09,NEW,2025CA002465A000BA,05/19/2026 10:00 AM ET,"356 LEE AVE NE WINTER HAVEN, FL- 33881","$222,984.25","$104,288.00","$222,984.25",262821574000000500
2026-04-23T04:21:09,NEW,2025CA002547A000BA,05/19/2026 10:00 AM ET,"150 CHINA BERRY CIR DAVENPORT, FL- 33837","$158,309.07","$138,032.00","$158,309.07",272706726501000490
2026-04-23T04:21:09,NEW,2025CA003166A000BA,05/19/2026 10:00 AM ET,"3035 BUCKEYE POINTE DR WINTER HAVEN, FL- 33881","$269,813.88","$273,715.00","$269,813.88",262815537003000360
2026-04-23T04:21:09,NEW,2026CA000386A000BA,05/19/2026 10:00 AM ET,"266 FIG CT POINCIANA, FL- 34759","$347,397.00","$220,134.00","$347,397.00",282810935240817250
2026-04-23T04:21:09,CLOSED,2024CA004377000000,04/22/2026 10:00 AM ET,"2498 SILVER VIEW DR LAKELAND, FL- 33811","$10,579.15","$317,055.00","$10,579.15",232828138014000680
2026-04-23T04:21:09,CLOSED,2025CA004555A000BA,04/22/2026 10:00 AM ET,"1275 BUTTERFLY ORCHID RD DAVENPORT, FL- 33837","$1,230,462.78","$642,016.00",Hidden,272624706192002460
2026-04-24T04:21:01,NEW,2025CA001661A000BA,05/20/2026 10:00 AM ET,"3820 FOXCROFT CT LAKELAND, FL- 33813","$272,640.43","$199,184.00","$272,640.43",242905274690001430
2026-04-24T04:21:01,NEW,2025CA002787A000BA,05/20/2026 10:00 AM ET,"2332 SUNSET POINTE DR LAKE WALES, FL- 33898","$163,858.24","$149,373.00","$163,858.24",283006939401000090
2026-04-24T04:21:01,NEW,2024CA003638000000,05/21/2026 10:00 AM ET,"4142 WINDING VINE DR LAKELAND, FL- 33812","$101,558.11","$94,048.00","$101,558.11",242903273001002690
2026-04-24T04:21:01,NEW,2025CA002945A000BA,05/21/2026 10:00 AM ET,"496 BUCHANNAN DR DAVENPORT, FL- 33837","$7,669.72","$258,061.00","$7,669.72",272705726006001280
2026-04-24T04:21:01,NEW,2023CA005714000000,05/22/2026 10:00 AM ET,"1212 CANDLEWOOD DR LAKELAND, FL- 33813","$648,854.14","$295,606.00","$648,854.14",242918285750000610
2026-04-24T04:21:01,NEW,2024CA002256000000,05/22/2026 10:00 AM ET,"7371 BEAUMONT DR LAKELAND, FL- 33810","$18,001.08","$147,640.00","$18,001.08",232715000949000560
2026-04-24T04:21:01,NEW,2024CA004567000000,05/22/2026 10:00 AM ET,"405 5TH AVE NW MULBERRY, FL- 33860","$140,039.86","$178,756.00","$140,039.86",233002153000002180
2026-04-24T04:21:01,NEW,2024CC006028000000,05/22/2026 10:00 AM ET,"232 AIDAN'S LNDG HAINES CITY, FL- 33844","$16,593.78","$338,486.00","$16,593.78",272732804507000660
2026-04-24T04:21:01,NEW,2025CA000385000000,05/22/2026 10:00 AM ET,"1018 KOBUK ST HAINES CITY, FL- 33844","$394,349.93","$272,474.00","$394,349.93",272708727508000730
2026-04-24T04:21:01,NEW,2025CA001715A000BA,05/22/2026 10:00 AM ET,"441 SAVANNAH PRESERVE LOOP DAVENPORT, FL- 33837","$379,027.39","$211,373.00","$379,027.39",272708727497000190
2026-04-24T04:21:01,CLOSED,2022CA002010000000,04/23/2026 10:00 AM ET,"900 NW AVENUE X WINTER HAVEN, FL- 33881","$155,422.51","$174,083.00","$162,703.23",262817542500000980
2026-04-24T04:21:01,CLOSED,2025CA002577A000BA,05/06/2026 10:00 AM ET,"2536 OLIVE AVE LAKE WALES, FL- 33898","$60,022.52","$200,653.00","$60,022.52",283005939200002030
2026-04-27T04:21:03,CLOSED,2024CA002763000000,04/24/2026 10:00 AM ET,"1207 NE 6TH ST MULBERRY, FL- 33860","$140,481.18","$115,321.00","$140,481.18",233001142490002020
2026-04-27T04:21:03,CLOSED,2025CA000648000000,04/24/2026 10:00 AM ET,"2442 LILLY ST LAKE WALES, FL- 33898","$224,809.78","$154,427.00",Hidden,283018947200001150
2026-04-27T04:21:03,CLOSED,2025CA001014000000,04/24/2026 10:00 AM ET,"6437 JENNY DR LAKE WALES, FL- 33898","$326,168.54","$255,514.00","$188,800.00",282905936590006030
2026-04-27T04:21:03,CLOSED,2025CC003144A000BA,04/24/2026 10:00 AM ET,"205 DINNER LAKE LOOP LAKE WALES, FL- 33859","$8,396.63","$297,009.00","$9,240.01",272915864501000130
2026-04-27T04:21:03,CLOSED,2025CA000253000000,04/27/2026 10:00 AM ET,"10202 QUINN RD POLK CITY, FL- 33868","$67,541.43","$137,394.00","$67,541.43",252631000000033020
2026-04-28T04:20:53,CLOSED,2017CA001901000000,04/27/2026 10:00 AM ET,"244 BALLYSHANNON DR DAVENPORT, FL- 33897","$370,376.02","$208,295.00",Hidden,262524488065001350
2026-04-28T04:20:53,CLOSED,2023CA006606000000,04/27/2026 10:00 AM ET,"205 TRACY WAY LAKELAND, FL- 33809","$255,111.60","$237,562.00",Hidden,232713000000012310
2026-04-28T04:20:53,CLOSED,2025CA000177000000,04/27/2026 10:00 AM ET,"204 BOBBIE CIR LAKELAND, FL- 33813","$278,239.50","$200,078.00","$206,763.00",232901139300000350
2026-04-28T04:20:53,CLOSED,2025CA002887A000BA,04/27/2026 10:00 AM ET,"1021 KETTLES AVE LAKELAND, FL- 33805","$299,456.70","$232,585.00","$204,600.00",232812051000001130
2026-04-28T04:20:53,CLOSED,2025CA003346A000BA,04/27/2026 10:00 AM ET,"5557 ORO VALLEY RD AUBURNDALE, FL- 33823","$229,371.03","$222,618.00",Hidden,252709298384001090
2026-04-28T04:20:53,CLOSED,2025CA004263A000BA,04/27/2026 10:00 AM ET,"219 DELANCEY DR DAVENPORT, FL- 33837","$57,824.68","$103,583.00","$57,824.68",272706726505001860
2026-04-28T04:20:53,CLOSED,2025CC002893A000BA,05/01/2026 10:00 AM ET,"3117 ST KITTS CT HAINES CITY, FL- 33844",$0.00,"$280,158.00",$0.00,272717741005002050
2026-04-29T04:20:46,CLOSED,2021CA001661000000,04/28/2026 10:00 AM ET,"502 CANAL DR LAKE WALES, FL- 33859","$187,070.64","$288,043.00","$187,070.64",273035928400022050
2026-04-29T04:20:46,CLOSED,2022CC005863000000,05/05/2026 10:00 AM ET,"349 LAKE DAVENPORT CIR DAVENPORT, FL- 33837","$38,550.88","$261,225.00","$38,550.88",272704725005001280
2026-04-29T04:20:46,CLOSED,2025CA002154A000BA,05/14/2026 10:00 AM ET,"585 RIDGE AVE N LAKE ALFRED, FL- 33850","$396,637.53","$181,743.00","$396,637.53",262732513620005010
2026-04-30T04:20:46,CLOSED,2024CA000822000000,04/29/2026 10:00 AM ET,"2217 KNIGHTS RD WINTER HAVEN, FL- 33880","$166,125.52","$137,500.00",Hidden,262831000000013440
2026-04-30T04:20:46,CLOSED,2024CA002574000000,04/29/2026 10:00 AM ET,"359 ACADIA DR POINCIANA, FL- 34759","$278,787.46","$231,058.00",Hidden,282722933910000410
2026-04-30T04:20:46,CLOSED,2025CA000645000000,04/29/2026 10:00 AM ET,"268 FIDDLEWOOD CT DAVENPORT, FL- 33837","$322,249.96","$252,154.00",Hidden,272710733519000770
2026-04-30T04:20:46,CLOSED,2025CC008842A000BA,05/13/2026 10:00 AM ET,"354 PENTAS LN HAINES CITY, FL- 33844","$3,745.15","$270,180.00",Hidden,272708727506001320
2026-05-01T04:20:33,CLOSED,2024CA004307000000,04/30/2026 10:00 AM ET,"672 CHELSEA DR DAVENPORT, FL- 33897","$9,538.70","$178,767.00","$9,784.22",262512999952001620
2026-05-01T04:20:33,CLOSED,2025CA001849A000BA,04/30/2026 10:00 AM ET,"3281 ROYAL TERN DR WINTER HAVEN, FL- 33881","$10,214.74","$230,726.00","$10,214.74",262812531504000400
2026-05-01T04:20:33,CLOSED,2025CA002761A000BA,04/30/2026 10:00 AM ET,"40 HALL ST FROSTPROOF, FL- 33843","$233,301.67","$153,985.00",Hidden,283128964200004070
2026-05-01T04:20:33,CLOSED,2025CA001123A000BA,05/01/2026 10:00 AM ET,"131 SONJA CIR DAVENPORT, FL- 33897","$327,609.38","$246,904.00",Hidden,262536488060000470
2026-05-04T04:20:25,CLOSED,2024CA000954000000,05/01/2026 10:00 AM ET,"279 WAVERLY LOOP LAKE WALES, FL- 33859","$112,085.36","$154,297.00","$81,600.00",272910859001000270
2026-05-04T04:20:25,CLOSED,2024CA004860000000,05/01/2026 10:00 AM ET,"125 RUDY ST AUBURNDALE, FL- 33823","$19,779.90","$410,507.00","$19,779.90",252735305252002000
2026-05-04T04:20:25,CLOSED,2025CA001821A000BA,05/01/2026 10:00 AM ET,"4027 ROLLING OAKS DR WINTER HAVEN, FL- 33880","$62,833.04","$98,229.00","$62,833.04",252902356710000140
2026-05-05T04:20:24,NEW,2021CC005496000000,05/26/2026 10:00 AM ET,"512 MILES BLVD DUNDEE, FL- 33838","$6,193.74","$190,959.00","$6,193.74",272827835824000540
2026-05-05T04:20:24,NEW,2024CA000544000000,05/26/2026 10:00 AM ET,"4740 HINSON AVE E HAINES CITY, FL- 33844","$274,707.97","$312,395.00","$274,707.97",272726000000012060
2026-05-05T04:20:24,NEW,2024CA001566000000,05/26/2026 10:00 AM ET,"1538 COUNTRY RIDGE DR LAKELAND, FL- 33801","$218,451.42","$222,472.00","$218,451.42",242810178710000100
2026-05-05T04:20:24,NEW,2024CA002716000000,05/26/2026 10:00 AM ET,"3161 ROYAL TERN DR WINTER HAVEN, FL- 33881","$247,105.33","$201,846.00","$247,105.33",262812531504000650
2026-05-05T04:20:24,NEW,2024CA003146000000,05/26/2026 10:00 AM ET,"620 BRIDGEFORD CROSSING BLVD DAVENPORT, FL- 33837","$332,304.44","$295,614.00","$332,304.44",272704725005001020
2026-05-05T04:20:24,NEW,2024CA004391000000,05/26/2026 10:00 AM ET,"334 JEWEL ST LAKE WALES, FL- 33853","$111,645.67","$125,553.00","$111,645.67",272934873500002190
2026-05-05T04:20:24,NEW,2024CC007643000000,05/26/2026 10:00 AM ET,"308 SHERWOOD DR FORT MEADE, FL- 33841","$34,883.24","$54,858.00","$34,883.24",253134477100001090
2026-05-05T04:20:24,NEW,2025CA000043000000,05/26/2026 10:00 AM ET,"534 KOALA DR POINCIANA, FL- 34759","$99,590.40","$157,670.00","$99,590.40",282724934010117170
2026-05-05T04:20:24,NEW,2025CA000624000000,05/26/2026 10:00 AM ET,"449 GLENKIRK WAY LAKE ALFRED, FL- 33850","$254,283.96","$270,244.00","$254,283.96",262804522753001150
2026-05-05T04:20:24,NEW,2025CA000907000000,05/26/2026 10:00 AM ET,"625 BITTERN CT POINCIANA, FL- 34759","$423,399.76","$255,816.00","$423,399.76",282725934060069613
2026-05-05T04:20:24,NEW,2024CA001269000000,05/27/2026 10:00 AM ET,"860 TETON ST HAINES CITY, FL- 33844","$284,877.05","$272,474.00","$284,877.05",272708727508000810
2026-05-05T04:20:24,NEW,2025CA000424000000,05/28/2026 10:00 AM ET,"227 POINSETTIA DR HAINES CITY, FL- 33844","$178,966.55","$149,741.00","$178,966.55",272816822600001040
2026-05-05T04:20:24,NEW,2025CA001639A000BA,05/28/2026 10:00 AM ET,"1114 30TH ST NW WINTER HAVEN, FL- 33881","$140,021.48","$126,405.00","$140,021.48",252824350800000430
2026-05-05T04:20:24,NEW,2025CA001663A000BA,05/28/2026 10:00 AM ET,"1207 PARKER POINTE LN LAKELAND, FL- 33805","$341,207.89","$270,918.00","$341,207.89",242808175000008060
2026-05-05T04:20:24,NEW,2025CA001805A000BA,05/28/2026 10:00 AM ET,"5288 GREEN DR WINTER HAVEN, FL- 33884","$345,093.44","$265,215.00","$345,093.44",262924690596001810
2026-05-05T04:20:24,NEW,2025CA003076A000BA,05/28/2026 10:00 AM ET,"417 WALTER AVE FROSTPROOF, FL- 33843","$182,610.99","$160,238.00","$182,610.99",283207985800005090
2026-05-05T04:20:24,NEW,2025CA004037A000BA,05/29/2026 10:00 AM ET,"743 JEFFERSON ST DAVENPORT, FL- 33837","$7,964.29","$111,175.00","$7,964.29",272705726011001460
2026-05-05T04:20:24,NEW,2025CA004148A000BA,05/29/2026 10:00 AM ET,"319 E ST LAKE WALES, FL- 33853","$232,880.71","$168,951.00","$232,880.71",272934873500001060
2026-05-05T04:20:24,NEW,2025CA004549A000BA,05/29/2026 10:00 AM ET,"634 LONGBOAT DR DAVENPORT, FL- 33896","$397,119.13","$312,500.00","$397,119.13",272605701160001620
2026-05-05T04:20:24,CLOSED,2025CC003371A000BA,05/05/2026 10:00 AM ET,"778 CHELSEA WAY LAKE WALES, FL- 33853","$8,705.16","$117,279.00","$8,705.16",272936880205000830
2026-05-05T04:20:24,CLOSED,2025CC004804A000BA,05/05/2026 10:00 AM ET,"515 RUM RUN DAVENPORT, FL- 33837","$19,599.24","$186,000.00","$19,599.24",262512999967333030
2026-05-05T04:20:24,CLOSED,2024CA003897000000,05/08/2026 10:00 AM ET,"671 WATERFERN TRAIL DR AUBURNDALE, FL- 33823","$277,870.83","$165,000.00","$277,870.83",252736305501000210
2026-05-05T04:20:24,CLOSED,2025CA003345A000BA,05/08/2026 10:00 AM ET,"1123 WALNUT ST W LAKELAND, FL- 33815","$179,799.01","$243,968.00","$179,799.01",232824113000008160
2026-05-06T04:20:15,CLOSED,2024CA000965000000,05/05/2026 10:00 AM ET,"2252 SWEET BAY DR LAKELAND, FL- 33811","$322,208.23","$190,361.00",Hidden,232910139700000040
2026-05-06T04:20:15,CLOSED,2024CA001307000000,05/05/2026 10:00 AM ET,"3417 YARIAN DR HAINES CITY, FL- 33844","$351,621.79","$277,441.00","$188,000.00",272719744118000250
2026-05-06T04:20:15,CLOSED,2024CA003336000000,05/05/2026 10:00 AM ET,"1612 FOREST HILLS LN HAINES CITY, FL- 33844","$467,624.45","$371,159.00",Hidden,272720749020000070
2026-05-06T04:20:15,CLOSED,2025CA001653A000BA,05/05/2026 10:00 AM ET,"830 N LINCOLN AVE LAKELAND, FL- 33815","$59,145.34","$51,332.00","$59,145.34",232813063500000261
2026-05-06T04:20:15,CLOSED,2025CA002948A000BA,05/05/2026 10:00 AM ET,"128 PETTEWAY DR LAKELAND, FL- 33805","$174,738.39","$67,620.00",Hidden,232736015500005014
2026-05-06T04:20:15,CLOSED,2025CA003332A000BA,05/05/2026 10:00 AM ET,"2190 GREENTREE CT BARTOW, FL- 33830","$193,136.77","$159,638.00",Hidden,253009426820000180
2026-05-06T04:20:15,CLOSED,2023CA005560000000,05/06/2026 10:00 AM ET,"2315 1ST ST MULBERRY, FL- 33860","$85,442.91","$110,207.00",Hidden,233003000000013140
2026-05-06T04:20:15,CLOSED,2025CC008558A000BA,05/06/2026 10:00 AM ET,"3050 WOODMONT AVE WINTER HAVEN, FL- 33880","$25,345.05","$1,613,401.00","$25,483.05",262902663640003491
2026-05-06T04:20:15,CLOSED,2025CC006877A000BA,05/07/2026 10:00 AM ET,"168 WILLIAMSON DR DAVENPORT, FL- 33897","$6,163.47","$283,528.00","$6,163.47",262536999937000110
2026-05-06T04:20:15,CLOSED,2018CA003775000000,05/11/2026 10:00 AM ET,"857 SHEEN CIR HAINES CITY, FL- 33844","$361,074.54","$226,082.00","$361,074.54",272717741011003000
2026-05-06T04:20:15,CLOSED,2025CA000332000000,05/12/2026 10:00 AM ET,"551 EMERALD AVE LAKE WALES, FL- 33853","$52,907.55","$94,709.00","$52,907.55",273011917510005210
2026-05-07T04:20:09,CLOSED,2024CA002312000000,05/06/2026 10:00 AM ET,"1060 30TH ST NW WINTER HAVEN, FL- 33881","$70,191.59","$131,673.00",Hidden,252824350800000460
2026-05-07T04:20:09,CLOSED,2024CA002256000000,05/22/2026 10:00 AM ET,"7371 BEAUMONT DR LAKELAND, FL- 33810","$18,001.08","$147,640.00","$18,001.08",232715000949000560
2026-05-08T04:20:02,CLOSED,2025CA002308A000BA,05/07/2026 10:00 AM ET,"2027 RIO GRANDE CANYON LOOP POINCIANA, FL- 34759","$14,201.23","$195,890.00","$17,802.04",282815935360129050
2026-05-12T04:20:34,NEW,2024CA000129000000,06/01/2026 10:00 AM ET,"2318 MAPLE HILL DR LAKELAND, FL- 33811",$0.00,"$287,273.00","$219,468.77",Property
2026-05-12T04:20:34,NEW,2024CA004377000000,06/01/2026 10:00 AM ET,"50989 HWY 27 #344 DAVENPORT, FL- 33897",$0.00,"$255,895.00","$97,589.80",Property
2026-05-12T04:20:34,NEW,2025CA002475A000BA,06/01/2026 10:00 AM ET,"529 JERRY LN HAINES CITY, FL- 33844","$333,410.04","$283,668.00","$333,410.04",272723757501001310
2026-05-12T04:20:34,NEW,2025CA003242A000BA,06/01/2026 10:00 AM ET,"105 HERRING LN POINCIANA, FL- 34759","$55,969.90","$48,000.00","$55,969.90",282802934710107110
2026-05-12T04:20:34,CLOSED,2025CA004862A000BA,05/08/2026 10:00 AM ET,"679 AVENUE L SE WINTER HAVEN, FL- 33880","$153,615.45","$66,624.00",Hidden,262833651800000110
2026-05-12T04:20:34,CLOSED,2022CA001956000000,05/11/2026 10:00 AM ET,"9040 HAMMOCK LOOP POLK CITY, FL- 33868","$93,144.81","$59,897.00","$93,144.81",242701160954000370
2026-05-12T04:20:34,CLOSED,2023CA004265000000,05/11/2026 10:00 AM ET,"100 EMERALD ISLE RD HAINES CITY, FL- 33844","$425,048.89","$119,369.00","$425,048.89",282805000000033030
2026-05-12T04:20:34,CLOSED,2025CA001156A000BA,05/11/2026 10:00 AM ET,"130 D ST 1,2,3,4 LAKE WALES, FL- 33853","$328,355.08","$201,960.00","$328,355.08",272935880000001080
2026-05-12T04:20:34,CLOSED,2025CA001666A000BA,05/11/2026 10:00 AM ET,"38016 HWY 27 DAVENPORT, FL- 33837","$74,563.62","$475,666.00","$74,563.62",272707727000010250
2026-05-12T04:20:34,CLOSED,2025CA002441A000BA,05/11/2026 10:00 AM ET,"4035 CARTERET DR WINTER HAVEN, FL- 33884","$340,303.86","$229,391.00","$340,303.86",262913687552000770
2026-05-12T04:20:34,CLOSED,2025CA002674A000BA,05/11/2026 10:00 AM ET,"211 LA CASA BLDG 3 LAKE WALES, FL- 33898","$93,894.74","$111,000.00","$93,894.74",273013927010032110
2026-05-12T04:20:34,CLOSED,2025CA002777A000BA,05/11/2026 10:00 AM ET,"5463 KNIGHTS LANDING DR LAKELAND, FL- 33810","$444,926.93","$343,618.00","$444,926.93",232728011021000320
2026-05-12T04:20:34,CLOSED,2025CA003071A000BA,05/11/2026 10:00 AM ET,"315 VILLA SORRENTO CIR HAINES CITY, FL- 33844","$474,901.95","$359,380.00",Hidden,272717741007000080
2026-05-12T04:20:34,CLOSED,2022CA003270000000,05/12/2026 10:00 AM ET,"3105 SCENIC HWY S LAKE WALES, FL- 33898","$432,262.60","$331,812.00","$432,262.60",273024927072000030
2026-05-12T04:20:34,CLOSED,2024CA003504000000,05/12/2026 10:00 AM ET,"547 BIG SIOUX CT POINCIANA, FL- 34759","$309,259.18","$234,378.00","$309,259.18",282815935360023060
2026-05-12T04:20:34,CLOSED,2023CA006434000000,05/15/2026 10:00 AM ET,"550 SEARS AVE NE WINTER HAVEN, FL- 33881","$367,092.50","$288,341.00","$367,092.50",262816538000000300
2026-05-13T04:20:27,NEW,2024CA001934000000,06/01/2026 10:00 AM ET,"6307 CHAROLAIS DR LAKELAND, FL- 33810","$117,954.35","$181,252.00","$117,954.35",232723000000014290
2026-05-13T04:20:27,NEW,2024CA003096000000,06/01/2026 10:00 AM ET,"2318 MAPLE HILL DR LAKELAND, FL- 33811","$219,468.77","$287,273.00","$219,468.77",232910000000012160
2026-05-13T04:20:27,NEW,2025CA000713000000,06/01/2026 10:00 AM ET,"50989 HWY 27 #344 DAVENPORT, FL- 33897","$97,589.80","$255,895.00","$97,589.80",262512488056003440
2026-05-13T04:20:27,NEW,2025CA004540A000BA,06/01/2026 10:00 AM ET,"1115 KELLER RD FORT MEADE, FL- 33841","$376,879.73","$265,928.00","$376,879.73",263131000000044010
2026-05-13T04:20:27,NEW,2025CC008154A000BA,06/01/2026 10:00 AM ET,"2044 BLUE HIGHLANDS DR LAKELAND, FL- 33811","$10,856.02","$273,581.00","$10,856.02",232828138017002610
2026-05-13T04:20:27,NEW,2024CC000266000000,06/02/2026 10:00 AM ET,"2220 GRANTHAM AVE DAVENPORT, FL- 33837","$11,104.41","$286,402.00","$11,104.41",282618932906000480
2026-05-13T04:20:27,NEW,2025CA000466000000,06/02/2026 10:00 AM ET,"724 27TH ST NW WINTER HAVEN, FL- 33881","$95,155.53","$97,279.00","$95,155.53",252824348500000210
2026-05-13T04:20:27,NEW,2025CA000645000000,06/02/2026 10:00 AM ET,"268 FIDDLEWOOD CT DAVENPORT, FL- 33837","$322,249.96","$252,154.00","$322,249.96",272710733519000770
2026-05-13T04:20:27,NEW,2025CC001989000000,06/02/2026 10:00 AM ET,"333 JAMES CIR LAKE ALFRED, FL- 33850","$1,463.96","$266,307.00","$1,463.96",262804522752000250
2026-05-13T04:20:27,NEW,2025CA004190A000BA,06/03/2026 10:00 AM ET,"1725 NW 31ST ST WINTER HAVEN, FL- 33881","$209,767.45","$126,763.00","$209,767.45",252813342500010141
2026-05-13T04:20:27,NEW,2024CC006712000000,06/04/2026 10:00 AM ET,"725 SUNSET COVE DR WINTER HAVEN, FL- 33880","$5,849.88","$228,011.00","$5,849.88",252836355257000810
2026-05-13T04:20:27,NEW,2025CA001282A000BA,06/04/2026 10:00 AM ET,"6012 LAKE RUTH DR E DUNDEE, FL- 33838","$211,937.10","$190,235.00","$211,937.10",272821834512000300
2026-05-13T04:20:27,CLOSED,2025CA004848A000BA,05/12/2026 10:00 AM ET,"1125 BRITTS LN BARTOW, FL- 33830","$228,698.36","$159,706.00",Hidden,253006392000000080
2026-05-13T04:20:27,CLOSED,2025CC002581A000BA,05/12/2026 10:00 AM ET,"259 KINGS POND AVE WINTER HAVEN, FL- 33880","$6,191.71","$162,706.00","$6,191.71",262831641446000670
2026-05-14T04:20:38,NEW,2024CA003089000000,06/05/2026 10:00 AM ET,"1525 MATTIE POINTE PL AUBURNDALE, FL- 33823","$388,975.04","$291,717.00","$388,975.04",252723300012001070
2026-05-14T04:20:38,NEW,2024CA003897000000,06/05/2026 10:00 AM ET,"671 WATERFERN TRAIL DR AUBURNDALE, FL- 33823","$277,870.83","$165,000.00","$277,870.83",252736305501000210
2026-05-14T04:20:38,NEW,2025CA000389000000,06/05/2026 10:00 AM ET,"1126 CHERVIL DR POINCIANA, FL- 34759","$136,783.05","$210,500.00","$136,783.05",282815935362000640
2026-05-14T04:20:38,NEW,2025CA002203A000BA,06/05/2026 10:00 AM ET,"2921 CRUTCHFIELD RD W LAKELAND, FL- 33805","$321,472.67","$166,495.00","$321,472.67",232810000000041009
2026-05-14T04:20:38,NEW,2025CA003159A000BA,06/05/2026 10:00 AM ET,"231 GROUPER CT POINCIANA, FL- 34759","$324,521.11","$205,602.00","$324,521.11",282802934710114160
2026-05-14T04:20:38,NEW,2025CC003730A000BA,06/05/2026 10:00 AM ET,"103 CRYSTAL CV POINCIANA, FL- 34759","$14,756.24","$457,175.00","$14,756.24",282715933572000880
2026-05-14T04:20:38,NEW,2025CC010917A000BA,06/05/2026 10:00 AM ET,"206 LAKE MARIANA PL AUBURNDALE, FL- 33823","$7,754.29","$193,160.00","$7,754.29",252801307625000590
2026-05-14T04:20:38,NEW,2025CC009616A000BA,06/07/2026 10:00 AM ET,"713 WILDFLOWER RD DAVENPORT, FL- 33837","$9,949.23","$303,678.00","$9,949.23",272612703504000230
2026-05-14T04:20:38,CLOSED,2025CA002547A000BA,05/19/2026 10:00 AM ET,"150 CHINA BERRY CIR DAVENPORT, FL- 33837","$158,309.07","$138,032.00","$158,309.07",272706726501000490
2026-05-14T04:20:38,CLOSED,2024CA003638000000,05/21/2026 10:00 AM ET,"4142 WINDING VINE DR LAKELAND, FL- 33812","$101,558.11","$94,048.00","$101,558.11",242903273001002690
2026-05-15T04:20:30,CLOSED,2025CA000677000000,05/14/2026 10:00 AM ET,"1548 MATTIE POINTE PL AUBURNDALE, FL- 33823","$522,066.36","$332,181.00","$368,900.00",252723300012001260
2026-05-15T04:20:30,CLOSED,2025CA000991000000,05/14/2026 10:00 AM ET,"2586 SAN MARCO WAY WINTER HAVEN, FL- 33884","$403,293.09","$234,874.00","$252,150.00",262923690584000310
2026-05-15T04:20:30,CLOSED,2025CA001566A000BA,05/14/2026 10:00 AM ET,"1704 SNOOK PL POINCIANA, FL- 34759","$82,592.28","$106,237.00",Hidden,282802934710049020
2026-05-15T04:20:30,CLOSED,2025CA004485A000BA,05/14/2026 10:00 AM ET,"3225 OAKLAND RD N LAKELAND, FL- 33801","$347,562.48","$245,450.00",Hidden,242810000000011150
2026-05-15T04:20:30,CLOSED,2025CA001661A000BA,05/20/2026 10:00 AM ET,"3820 FOXCROFT CT LAKELAND, FL- 33813","$272,640.43","$199,184.00","$272,640.43",242905274690001430
2026-05-18T04:20:34,CLOSED,2023CA006222000000,05/15/2026 10:00 AM ET,"325 THOMASDALE AVE HAINES CITY, FL- 33844","$352,731.13","$297,097.00",Hidden,262724489503003010
2026-05-18T04:20:34,CLOSED,2024CC001353000000,05/15/2026 10:00 AM ET,"6575 LAKE CLARK DR LAKELAND, FL- 33813","$11,786.01","$280,236.00","$14,667.55",232924141891000410
2026-05-18T04:20:34,CLOSED,2024CA001420000000,05/19/2026 10:00 AM ET,"1368 BRAMBLEWOOD DR LAKELAND, FL- 33811","$137,499.35","$184,335.00","$137,499.35",232911139764001760
2026-05-18T04:20:34,CLOSED,2026CA000386A000BA,05/19/2026 10:00 AM ET,"266 FIG CT POINCIANA, FL- 34759","$347,397.00","$220,134.00","$347,397.00",282810935240817250
2026-05-18T04:20:34,CLOSED,2025CA004037A000BA,05/29/2026 10:00 AM ET,"743 JEFFERSON ST DAVENPORT, FL- 33837","$7,964.29","$111,175.00","$8,043.50",272705726011001460
2026-05-19T04:20:32,NEW,2018CA003775000000,06/09/2026 10:00 AM ET,"857 SHEEN CIR HAINES CITY, FL- 33844","$361,074.54","$226,082.00","$361,074.54",272717741011003000
2026-05-19T04:20:32,NEW,2022CC000609000000,06/09/2026 10:00 AM ET,"17 ZINNIA LN E POINCIANA, FL- 34759","$28,897.62","$237,377.00","$10,651.65",MULTIPLE
2026-05-19T04:20:32,NEW,2023CA006135000000,06/09/2026 10:00 AM ET,"232 BEGONIA LN POINCIANA, FL- 34759","$270,800.31","$235,975.00","$270,800.31",282810935240822170
2026-05-19T04:20:32,NEW,2024CA000954000000,06/09/2026 10:00 AM ET,"279 WAVERLY LOOP LAKE WALES, FL- 33859",$0.00,"$154,297.00",$0.00,272910859001000270
2026-05-19T04:20:32,NEW,2024CA003420000000,06/09/2026 10:00 AM ET,"701 HIGHLAND CREST LOOP LAKE WALES, FL- 33853","$100,619.49","$196,746.00","$100,619.49",272936880209000270
2026-05-19T04:20:32,NEW,2024CA003657000000,06/09/2026 10:00 AM ET,"5480 SILTSTONE ST LAKELAND, FL- 33811","$419,825.74","$296,173.00","$419,825.74",232917141625003060
2026-05-19T04:20:32,NEW,2024CA004773000000,06/09/2026 10:00 AM ET,"855 BRAYTON LN DAVENPORT, FL- 33897","$10,701.29","$269,506.00","$10,701.29",262511486253003130
2026-05-19T04:20:32,NEW,2025CA000402000000,06/09/2026 10:00 AM ET,"749 SCHOOLHOUSE RD LAKELAND, FL- 33813","$1,943,640.33","$217,670.00","$356,981.55",MULTIPLE
2026-05-19T04:20:32,NEW,2025CC002002000000,06/10/2026 10:00 AM ET,"8344 ADELE RD LAKELAND, FL- 33810","$9,325.02","$216,334.00","$9,325.02",232710000830001080
2026-05-19T04:20:32,NEW,2025CA002777A000BA,06/11/2026 10:00 AM ET,"5463 KNIGHTS LANDING DR LAKELAND, FL- 33810","$444,926.93","$343,618.00","$444,926.93",232728011021000320
2026-05-19T04:20:32,NEW,2022CA002898000000,06/12/2026 10:00 AM ET,"8140 TOM COSTINE RD LAKELAND, FL- 33809","$109,555.44","$40,604.00","$109,555.44",242707000000043130
2026-05-19T04:20:32,NEW,2024CA002763000000,06/12/2026 10:00 AM ET,"1207 NE 6TH ST MULBERRY, FL- 33860","$140,481.18","$115,321.00","$140,481.18",233001142490002020
2026-05-19T04:20:32,NEW,2022CA001854000000,06/15/2026 10:00 AM ET,"749 DROMEDARY DR POINCIANA, FL- 34759","$192,936.95","$186,819.00","$192,936.95",282724934010127050
2026-05-19T04:20:32,NEW,2023CA007054000000,06/15/2026 10:00 AM ET,"347 GLADESDALE ST HAINES CITY, FL- 33844","$227,741.64","$184,653.00","$227,741.64",272733810522001050
2026-05-19T04:20:32,NEW,2024CC001673000000,06/15/2026 10:00 AM ET,"5328 TUSCANY LN DAVENPORT, FL- 33897","$17,222.28","$333,842.00","$17,222.28",262525998491000260
2026-05-19T04:20:32,NEW,2024CC007299000000,06/15/2026 10:00 AM ET,"12750 FARMETTES RD LAKELAND, FL- 33809","$10,904.43","$81,515.00","$10,904.43",232615000395000110
2026-05-19T04:20:32,NEW,2025CA000168000000,06/15/2026 10:00 AM ET,"459 BALLYSHANNON DR DAVENPORT, FL- 33897","$10,569.46","$398,739.00","$10,569.46",262524488065001130
2026-05-19T04:20:32,NEW,2025CA001769A000BA,06/15/2026 10:00 AM ET,"2997 WHISPERING TRAILS DR WINTER HAVEN, FL- 33884","$4,310.82","$182,496.00","$4,310.82",272830850001000780
2026-05-19T04:20:32,NEW,2025CA002458A000BA,06/15/2026 10:00 AM ET,"639 BEAR CT POINCIANA, FL- 34759","$199,280.29","$55,551.00","$199,280.29",282724934010134250
2026-05-19T04:20:32,NEW,2025CA002771A000BA,06/15/2026 10:00 AM ET,"248 TOWER VIEW DR W HAINES CITY, FL- 33844","$364,671.81","$270,543.00","$364,671.81",272716740501000650
2026-05-19T04:20:32,NEW,2025CA003047A000BA,06/15/2026 10:00 AM ET,"10401 STEVEN DR POLK CITY, FL- 33868","$90,201.49","$56,161.00","$90,201.49",252630295370000170
2026-05-19T04:20:32,NEW,2025CA003323A000BA,06/15/2026 10:00 AM ET,"202 AVENUE P NE WINTER HAVEN, FL- 33881","$177,987.62","$153,308.00","$177,987.62",262821580100000360
2026-05-20T04:20:41,CLOSED,2025CA001745A000BA,05/19/2026 10:00 AM ET,"4925 JACKSON ST WINTER HAVEN, FL- 33884","$392,151.96","$226,852.00",Hidden,272906855574000150
2026-05-20T04:20:41,CLOSED,2025CA001966A000BA,05/19/2026 10:00 AM ET,"606 RIDGEWOOD AVE DUNDEE, FL- 33838","$162,120.29","$124,810.00",Hidden,272821833500001092
2026-05-20T04:20:41,CLOSED,2025CA002465A000BA,05/19/2026 10:00 AM ET,"356 LEE AVE NE WINTER HAVEN, FL- 33881","$222,984.25","$104,288.00","$120,192.00",262821574000000500
2026-05-20T04:20:41,CLOSED,2025CA003166A000BA,05/19/2026 10:00 AM ET,"3035 BUCKEYE POINTE DR WINTER HAVEN, FL- 33881","$269,813.88","$273,715.00","$269,813.88",262815537003000360
2026-05-20T04:20:41,CLOSED,2025CA000385000000,05/22/2026 10:00 AM ET,"1018 KOBUK ST HAINES CITY, FL- 33844","$394,349.93","$272,474.00",Hidden,272708727508000730
2026-05-21T04:20:25,NEW,2025CA002334A000BA,05/26/2026 10:00 AM ET,"1242 BUTTERFLY ORCHID RD DAVENPORT, FL- 33837","$1,311,799.36","$643,964.00","$1,311,799.36",272624706192002150
2026-05-21T04:20:25,NEW,2025CA002813A000BA,05/26/2026 10:00 AM ET,"1268 PINTAIL PL LAKELAND, FL- 33813","$381,579.86","$310,478.00","$381,579.86",242919286042000670
2026-05-21T04:20:25,CLOSED,2025CA002787A000BA,05/20/2026 10:00 AM ET,"2332 SUNSET POINTE DR LAKE WALES, FL- 33898","$163,858.24","$149,373.00","$145,580.00",283006939401000090
2026-05-21T04:20:25,CLOSED,2024CC006028000000,05/22/2026 10:00 AM ET,"232 AIDAN'S LNDG HAINES CITY, FL- 33844","$16,593.78","$338,486.00","$16,593.78",272732804507000660
2026-05-21T04:20:25,CLOSED,2021CC005496000000,05/26/2026 10:00 AM ET,"512 MILES BLVD DUNDEE, FL- 33838","$6,193.74","$190,959.00","$6,193.74",272827835824000540
2026-05-21T04:20:25,CLOSED,2025CA000043000000,05/26/2026 10:00 AM ET,"534 KOALA DR POINCIANA, FL- 34759","$99,590.40","$157,670.00","$99,590.40",282724934010117170
2026-05-21T04:20:25,CLOSED,2024CA001269000000,05/27/2026 10:00 AM ET,"860 TETON ST HAINES CITY, FL- 33844","$284,877.05","$272,474.00","$284,877.05",272708727508000810
2026-05-22T04:20:26,CLOSED,2025CA002945A000BA,05/21/2026 10:00 AM ET,"496 BUCHANNAN DR DAVENPORT, FL- 33837","$7,669.72","$258,061.00","$7,827.56",272705726006001280
2026-05-25T04:20:25,NEW,2025CC010162A000BA,05/26/2026 10:00 AM ET,"1079 SNIVELY CIR LAKE HAMILTON, FL- 33851","$5,776.48","$213,209.00",Hidden,272817829505000020
2026-05-25T04:20:25,NEW,2024CA003515000000,06/16/2026 10:00 AM ET,"2360 SANDERLING ST HAINES CITY, FL- 33844","$13,507.04","$240,326.00","$13,507.04",272709729507002000
2026-05-25T04:20:25,NEW,2024CA004488000000,06/16/2026 10:00 AM ET,"2102 CALABRIA AVE DAVENPORT, FL- 33897","$300,551.71","$247,500.00","$300,551.71",262514999949003870
2026-05-25T04:20:25,NEW,2023CA000440000000,06/19/2026 10:00 AM ET,"1404 HILLSBOROUGH WAY POINCIANA, FL- 34759","$244,011.82","$205,358.00","$244,011.82",282733934460414130
2026-05-25T04:20:25,NEW,2023CA005560000000,06/19/2026 10:00 AM ET,"2315 1ST ST MULBERRY, FL- 33860","$85,442.91","$110,207.00","$85,442.91",233003000000013140
2026-05-25T04:20:25,NEW,2024CA002527000000,06/19/2026 10:00 AM ET,"2018 HALLMARK CT LAKELAND, FL- 33803","$305,053.80","$233,343.00","$305,053.80",242829249800004081
2026-05-25T04:20:25,NEW,2025CA001566A000BA,06/19/2026 10:00 AM ET,"1704 SNOOK PL POINCIANA, FL- 34759","$82,592.28","$106,237.00","$82,592.28",282802934710049020
2026-05-25T04:20:25,NEW,2025CC007247A000BA,06/19/2026 10:00 AM ET,"3710 EISEL WAY HAINES CITY, FL- 33844","$7,094.65","$277,441.00","$7,094.65",272719744118000410
2026-05-25T04:20:25,CLOSED,2023CA005714000000,05/22/2026 10:00 AM ET,"1212 CANDLEWOOD DR LAKELAND, FL- 33813","$648,854.14","$295,606.00",Hidden,242918285750000610
2026-05-25T04:20:25,CLOSED,2024CA004567000000,05/22/2026 10:00 AM ET,"405 5TH AVE NW MULBERRY, FL- 33860","$140,039.86","$178,756.00",Hidden,233002153000002180
2026-05-25T04:20:25,CLOSED,2025CA001715A000BA,05/22/2026 10:00 AM ET,"441 SAVANNAH PRESERVE LOOP DAVENPORT, FL- 33837","$379,027.39","$211,373.00","$310,000.00",272708727497000190
2026-05-25T04:20:25,CLOSED,2024CA000544000000,05/26/2026 10:00 AM ET,"4740 HINSON AVE E HAINES CITY, FL- 33844","$274,707.97","$312,395.00","$224,460.00",272726000000012060
2026-05-25T04:20:25,CLOSED,2024CA001566000000,05/26/2026 10:00 AM ET,"1538 COUNTRY RIDGE DR LAKELAND, FL- 33801","$218,451.42","$222,472.00","$218,451.42",242810178710000100
2026-05-27T04:20:26,CLOSED,2024CA002716000000,05/26/2026 10:00 AM ET,"3161 ROYAL TERN DR WINTER HAVEN, FL- 33881","$247,105.33","$201,846.00","$247,105.33",262812531504000650
2026-05-27T04:20:26,CLOSED,2024CA003146000000,05/26/2026 10:00 AM ET,"620 BRIDGEFORD CROSSING BLVD DAVENPORT, FL- 33837","$332,304.44","$295,614.00",Hidden,272704725005001020
2026-05-27T04:20:26,CLOSED,2024CA004391000000,05/26/2026 10:00 AM ET,"334 JEWEL ST LAKE WALES, FL- 33853","$111,645.67","$125,553.00",Hidden,272934873500002190
2026-05-27T04:20:26,CLOSED,2024CC007643000000,05/26/2026 10:00 AM ET,"308 SHERWOOD DR FORT MEADE, FL- 33841","$34,883.24","$54,858.00","$34,883.24",253134477100001090
2026-05-27T04:20:26,CLOSED,2025CA000624000000,05/26/2026 10:00 AM ET,"449 GLENKIRK WAY LAKE ALFRED, FL- 33850","$254,283.96","$270,244.00",Hidden,262804522753001150
2026-05-27T04:20:26,CLOSED,2025CA000907000000,05/26/2026 10:00 AM ET,"625 BITTERN CT POINCIANA, FL- 34759","$423,399.76","$255,816.00","$427,993.36",282725934060069613
2026-05-27T04:20:26,CLOSED,2025CA002334A000BA,05/26/2026 10:00 AM ET,"1242 BUTTERFLY ORCHID RD DAVENPORT, FL- 33837","$1,311,799.36","$643,964.00","$1,311,799.36",272624706192002150
2026-05-27T04:20:26,CLOSED,2025CA002813A000BA,05/26/2026 10:00 AM ET,"1268 PINTAIL PL LAKELAND, FL- 33813","$381,579.86","$310,478.00",Hidden,242919286042000670
2026-05-27T04:20:26,CLOSED,2025CC010162A000BA,05/26/2026 10:00 AM ET,"1079 SNIVELY CIR LAKE HAMILTON, FL- 33851","$5,776.48","$213,209.00",Hidden,272817829505000020
2026-05-28T04:20:52,CLOSED,2025CA000424000000,05/28/2026 10:00 AM ET,"227 POINSETTIA DR HAINES CITY, FL- 33844","$178,966.55","$149,741.00","$178,966.55",272816822600001040
2026-05-29T04:20:53,CLOSED,2025CA001639A000BA,05/28/2026 10:00 AM ET,"1114 30TH ST NW WINTER HAVEN, FL- 33881","$140,021.48","$126,405.00","$127,000.00",252824350800000430
2026-05-29T04:20:53,CLOSED,2025CA001663A000BA,05/28/2026 10:00 AM ET,"1207 PARKER POINTE LN LAKELAND, FL- 33805","$341,207.89","$270,918.00","$257,000.00",242808175000008060
2026-05-29T04:20:53,CLOSED,2025CA001805A000BA,05/28/2026 10:00 AM ET,"5288 GREEN DR WINTER HAVEN, FL- 33884","$345,093.44","$265,215.00",Hidden,262924690596001810
2026-05-29T04:20:53,CLOSED,2025CA003076A000BA,05/28/2026 10:00 AM ET,"417 WALTER AVE FROSTPROOF, FL- 33843","$182,610.99","$160,238.00",Hidden,283207985800005090
2026-05-29T04:20:53,CLOSED,2024CA000129000000,06/01/2026 10:00 AM ET,"3077 BRENTON MANOR LOOP WINTER HAVEN, FL- 33884","$367,234.04","$262,031.00","$367,234.04",272806821502001330
2026-05-29T04:20:53,CLOSED,2024CA003096000000,06/01/2026 10:00 AM ET,"2318 MAPLE HILL DR LAKELAND, FL- 33811","$219,468.77","$287,273.00","$219,468.77",232910000000012160
2026-05-29T04:20:53,CLOSED,2024CC000266000000,06/02/2026 10:00 AM ET,"2220 GRANTHAM AVE DAVENPORT, FL- 33837","$11,104.41","$286,402.00","$11,104.41",282618932906000480
2026-05-29T04:20:53,CLOSED,2024CA003897000000,06/05/2026 10:00 AM ET,"671 WATERFERN TRAIL DR AUBURNDALE, FL- 33823","$277,870.83","$165,000.00","$277,870.83",252736305501000210
2026-05-29T04:20:53,CLOSED,2022CA002898000000,06/12/2026 10:00 AM ET,"8140 TOM COSTINE RD LAKELAND, FL- 33809","$109,555.44","$40,604.00","$109,555.44",242707000000043130
2026-06-01T04:20:39,CLOSED,2025CA004148A000BA,05/29/2026 10:00 AM ET,"319 E ST LAKE WALES, FL- 33853","$232,880.71","$168,951.00",Hidden,272934873500001060
2026-06-01T04:20:39,CLOSED,2025CA004549A000BA,05/29/2026 10:00 AM ET,"634 LONGBOAT DR DAVENPORT, FL- 33896","$397,119.13","$312,500.00","$350,000.00",272605701160001620
2026-06-02T04:20:33,CLOSED,2024CA001934000000,06/01/2026 10:00 AM ET,"6307 CHAROLAIS DR LAKELAND, FL- 33810","$117,954.35","$181,252.00","$117,954.35",232723000000014290
2026-06-02T04:20:33,CLOSED,2024CA004377000000,06/01/2026 10:00 AM ET,"2498 SILVER VIEW DR LAKELAND, FL- 33811","$10,579.15","$317,055.00","$10,579.15",232828138014000680
2026-06-02T04:20:33,CLOSED,2025CA000713000000,06/01/2026 10:00 AM ET,"50989 HWY 27 #344 DAVENPORT, FL- 33897","$97,589.80","$255,895.00",Hidden,262512488056003440
2026-06-02T04:20:33,CLOSED,2025CA002475A000BA,06/01/2026 10:00 AM ET,"529 JERRY LN HAINES CITY, FL- 33844","$333,410.04","$283,668.00","$236,601.00",272723757501001310
2026-06-02T04:20:33,CLOSED,2025CA003242A000BA,06/01/2026 10:00 AM ET,"105 HERRING LN POINCIANA, FL- 34759","$55,969.90","$48,000.00","$55,969.90",282802934710107110
2026-06-02T04:20:33,CLOSED,2025CA004540A000BA,06/01/2026 10:00 AM ET,"1115 KELLER RD FORT MEADE, FL- 33841","$376,879.73","$265,928.00","$269,801.00",263131000000044010
2026-06-02T04:20:33,CLOSED,2025CC008154A000BA,06/01/2026 10:00 AM ET,"2044 BLUE HIGHLANDS DR LAKELAND, FL- 33811","$10,856.02","$273,581.00","$10,856.02",232828138017002610
2026-06-02T04:20:33,CLOSED,2025CA000466000000,06/02/2026 10:00 AM ET,"724 27TH ST NW WINTER HAVEN, FL- 33881","$95,155.53","$97,279.00","$95,155.53",252824348500000210
2026-06-03T04:20:30,NEW,2023CA006124000000,06/09/2026 10:00 AM ET,"17 ZINNIA LN E POINCIANA, FL- 34759","$10,651.65","$237,377.00","$10,651.65",282810935240830230
2026-06-03T04:20:30,NEW,2025CA001864A000BA,06/09/2026 10:00 AM ET,"4914 SHADYGLEN DR LAKELAND, FL- 33810","$105,848.64","$165,446.00","$105,848.64",232728011011000300
2026-06-03T04:20:30,CLOSED,2025CA000645000000,06/02/2026 10:00 AM ET,"268 FIDDLEWOOD CT DAVENPORT, FL- 33837","$322,249.96","$252,154.00",Hidden,272710733519000770
2026-06-03T04:20:30,CLOSED,2025CC001989000000,06/02/2026 10:00 AM ET,"333 JAMES CIR LAKE ALFRED, FL- 33850","$1,463.96","$266,307.00","$1,463.96",262804522752000250
2026-06-03T04:20:30,CLOSED,2025CA003159A000BA,06/05/2026 10:00 AM ET,"231 GROUPER CT POINCIANA, FL- 34759","$324,521.11","$205,602.00","$324,521.11",282802934710114160
2026-06-03T04:20:30,CLOSED,2022CC000609000000,06/09/2026 10:00 AM ET,"17 ZINNIA LN E POINCIANA, FL- 34759","$28,897.62","$237,377.00","$10,651.65",MULTIPLE
2026-06-04T04:20:09,NEW,2022CA004109000000,06/23/2026 10:00 AM ET,"1815 4TH ST NW WINTER HAVEN, FL- 33881","$161,267.42","$155,176.00","$161,267.42",262817542300000240
2026-06-04T04:20:09,NEW,2025CA000810000000,06/23/2026 10:00 AM ET,"147 TRACY CIR HAINES CITY, FL- 33844","$279,352.33","$257,343.00","$279,352.33",272720749033000480
2026-06-04T04:20:09,NEW,2025CA000984000000,06/23/2026 10:00 AM ET,"5848 WINDRIDGE DR WINTER HAVEN, FL- 33881","$251,572.50","$300,285.00","$251,572.50",262801521035000160
2026-06-04T04:20:09,NEW,2025CA002290A000BA,06/23/2026 10:00 AM ET,"246 DINNER LAKE PL LAKE WALES, FL- 33859","$141,640.91","$219,690.00","$141,640.91",272915864504001160
2026-06-04T04:20:09,NEW,2025CA002732A000BA,06/23/2026 10:00 AM ET,"1706 SHORE ACRES DR LAKELAND, FL- 33801","$154,482.90","$214,046.00","$154,482.90",242817193000015150
2026-06-04T04:20:09,NEW,2025CA004564A000BA,06/23/2026 10:00 AM ET,"4817 MARK WAY BARTOW, FL- 33830","$306,207.93","$202,280.00","$306,207.93",252913359330000600
2026-06-04T04:20:09,NEW,2025CA004796A000BA,06/23/2026 10:00 AM ET,"204 HERBERT ST AUBURNDALE, FL- 33823","$123,667.71","$157,597.00","$123,667.71",252804314500000101
2026-06-04T04:20:09,NEW,2025CA004899A000BA,06/23/2026 10:00 AM ET,"530 BUCKSHOT LN LAKELAND, FL- 33809","$421,645.24","$277,870.00","$421,645.24",242718161219001990
2026-06-04T04:20:09,NEW,2025CC004097A000BA,06/23/2026 10:00 AM ET,"1836 N CRYSTAL LAKE DR APT 26 LAKELAND, FL- 33801","$11,557.36","$147,000.00","$17,649.63",242820239220024030
2026-06-04T04:20:09,NEW,2025CC005771A000BA,06/23/2026 10:00 AM ET,"425 KENSINGTON VIEW DR WINTER HAVEN, FL- 33880","$6,330.37","$230,715.00","$6,330.37",252911357126000210
2026-06-04T04:20:09,NEW,2025CA000319000000,06/24/2026 10:00 AM ET,"3932 ROLLING HILLS CT E LOT 10 LAKE WALES, FL- 33898","$88,971.89","$143,842.00","$88,971.89",282918000000041150
2026-06-04T04:20:09,NEW,2025CA004861A000BA,06/24/2026 10:00 AM ET,"5005 HWY 60 E BARTOW, FL- 33830","$744,076.06","$519,816.00","$744,076.06",253001000000031020
2026-06-04T04:20:09,NEW,2025CC003870A000BA,06/24/2026 10:00 AM ET,"2420 SILVER VIEW DR LAKELAND, FL- 33811","$10,476.17","$293,249.00","$10,476.17",232828138014000550
2026-06-04T04:20:09,CLOSED,2025CA004190A000BA,06/03/2026 10:00 AM ET,"1725 NW 31ST ST WINTER HAVEN, FL- 33881","$209,767.45","$126,763.00","$94,350.00",252813342500010141
2026-06-04T04:20:09,CLOSED,2024CC006712000000,06/04/2026 10:00 AM ET,"725 SUNSET COVE DR WINTER HAVEN, FL- 33880","$5,849.88","$228,011.00","$6,832.42",252836355257000810
2026-06-04T04:20:09,CLOSED,2025CA002777A000BA,06/11/2026 10:00 AM ET,"5463 KNIGHTS LANDING DR LAKELAND, FL- 33810","$444,926.93","$343,618.00","$444,926.93",232728011021000320
2026-06-05T04:20:08,CLOSED,2025CA001282A000BA,06/04/2026 10:00 AM ET,"6012 LAKE RUTH DR E DUNDEE, FL- 33838","$211,937.10","$190,235.00",Hidden,272821834512000300
2026-06-05T04:20:08,CLOSED,2025CC009616A000BA,06/07/2026 10:00 AM ET,"713 WILDFLOWER RD DAVENPORT, FL- 33837","$9,949.23","$303,678.00","$9,949.23",272612703504000230
2026-06-08T04:20:07,CLOSED,2024CA003089000000,06/05/2026 10:00 AM ET,"1525 MATTIE POINTE PL AUBURNDALE, FL- 33823","$388,975.04","$291,717.00","$388,975.04",252723300012001070
2026-06-08T04:20:07,CLOSED,2025CA000389000000,06/05/2026 10:00 AM ET,"1126 CHERVIL DR POINCIANA, FL- 34759","$136,783.05","$210,500.00",Hidden,282815935362000640
2026-06-08T04:20:07,CLOSED,2025CA002203A000BA,06/05/2026 10:00 AM ET,"2921 CRUTCHFIELD RD W LAKELAND, FL- 33805","$321,472.67","$166,495.00",Hidden,232810000000041009
2026-06-08T04:20:07,CLOSED,2025CC003730A000BA,06/05/2026 10:00 AM ET,"103 CRYSTAL CV POINCIANA, FL- 34759","$14,756.24","$457,175.00","$14,756.24",282715933572000880
2026-06-08T04:20:07,CLOSED,2025CC010917A000BA,06/05/2026 10:00 AM ET,"206 LAKE MARIANA PL AUBURNDALE, FL- 33823","$7,754.29","$193,160.00","$7,810.38",252801307625000590
2026-06-09T04:20:16,NEW,2023CA004947000000,06/25/2026 10:00 AM ET,"1121 SW 1ST ST WINTER HAVEN, FL- 33880","$3,105,091.24","$1,096,936.00","$3,105,091.24",262832000000011160
2026-06-09T04:20:16,NEW,2025CA000550000000,06/25/2026 10:00 AM ET,"196 KENNY BLVD HAINES CITY, FL- 33844","$325,310.57","$335,511.00","$325,310.57",272732804508001050
2026-06-09T04:20:16,NEW,2025CA000662000000,06/25/2026 10:00 AM ET,"645 SARNER PASS WAY WINTER HAVEN, FL- 33881","$475,812.06","$266,691.00","$475,812.06",262802522104000630
2026-06-09T04:20:16,NEW,2025CA000703000000,06/25/2026 10:00 AM ET,"1625 PILCHARD CT POINCIANA, FL- 34759","$181,487.32","$235,975.00","$181,487.32",282802934710031030
2026-06-09T04:20:16,NEW,2024CA003144000000,06/26/2026 10:00 AM ET,"7457 HUNTERS GREENE CIR LAKELAND, FL- 33810","$182,622.18","$129,378.00","$182,622.18",232715000959001090
2026-06-09T04:20:16,NEW,2025CA004099A000BA,06/26/2026 10:00 AM ET,"5542 6TH ST SE LAKELAND, FL- 33812","$383,194.73","$247,810.00","$383,194.73",242914283000040860
2026-06-10T04:20:13,CLOSED,2018CA003775000000,06/09/2026 10:00 AM ET,"857 SHEEN CIR HAINES CITY, FL- 33844","$361,074.54","$226,082.00",Hidden,272717741011003000
2026-06-10T04:20:13,CLOSED,2023CA006124000000,06/09/2026 10:00 AM ET,"17 ZINNIA LN E POINCIANA, FL- 34759","$10,651.65","$237,377.00","$12,634.90",282810935240830230
2026-06-10T04:20:13,CLOSED,2023CA006135000000,06/09/2026 10:00 AM ET,"232 BEGONIA LN POINCIANA, FL- 34759","$270,800.31","$235,975.00","$174,900.00",282810935240822170
2026-06-10T04:20:13,CLOSED,2024CA000954000000,06/09/2026 10:00 AM ET,"279 WAVERLY LOOP LAKE WALES, FL- 33859","$112,085.36","$154,297.00","$81,600.00",272910859001000270
2026-06-10T04:20:13,CLOSED,2024CA003420000000,06/09/2026 10:00 AM ET,"701 HIGHLAND CREST LOOP LAKE WALES, FL- 33853","$100,619.49","$196,746.00",Hidden,272936880209000270
2026-06-10T04:20:13,CLOSED,2024CA003657000000,06/09/2026 10:00 AM ET,"5480 SILTSTONE ST LAKELAND, FL- 33811","$419,825.74","$296,173.00",Hidden,232917141625003060
2026-06-10T04:20:13,CLOSED,2024CA004773000000,06/09/2026 10:00 AM ET,"855 BRAYTON LN DAVENPORT, FL- 33897","$10,701.29","$269,506.00","$12,357.51",262511486253003130
2026-06-10T04:20:13,CLOSED,2025CA000402000000,06/09/2026 10:00 AM ET,"749 SCHOOLHOUSE RD LAKELAND, FL- 33813","$1,943,640.33","$217,670.00","$207,720.00",MULTIPLE
2026-06-10T04:20:13,CLOSED,2025CA001864A000BA,06/09/2026 10:00 AM ET,"4914 SHADYGLEN DR LAKELAND, FL- 33810","$105,848.64","$165,446.00","$103,000.00",232728011011000300
2026-06-11T04:20:04,NEW,2023CA006283000000,06/29/2026 10:00 AM ET,"5440 FIELDSTONE DR LAKELAND, FL- 33809","$15,361,476.92","$116,867.00","$76,568.11",MULTIPLE
2026-06-11T04:20:04,NEW,2025CA002319A000BA,06/29/2026 10:00 AM ET,"176 KRENSON BAY LOOP WINTER HAVEN, FL- 33881","$12,626.09","$285,744.00","$12,626.09",262821585012000190
2026-06-11T04:20:04,NEW,2025CA002758A000BA,06/29/2026 10:00 AM ET,"6031 HILLTOP LN E LAKELAND, FL- 33809","$116,295.53","$54,862.00","$116,295.53",232724008200013603
2026-06-11T04:20:04,NEW,2025CA003110A000BA,06/29/2026 10:00 AM ET,"129 CLOVERBROOK TRL DAVENPORT, FL- 33837","$165,509.55","$311,882.00","$165,509.55",272711737502000230
2026-06-11T04:20:04,NEW,2025CC000410000000,06/29/2026 10:00 AM ET,"646 HONEY BELL RD WINTER HAVEN, FL- 33880","$28,228.35","$285,584.00","$9,240.92",MOBILE
2026-06-11T04:20:04,NEW,2025CC008586A000BA,06/29/2026 10:00 AM ET,"305 SPIRIT LANDINGS CIR WINTER HAVEN, FL- 33880","$6,306.25","$256,562.00","$6,306.25",252911357129000470
2026-06-11T04:20:04,NEW,2023CA003812000000,06/30/2026 10:00 AM ET,"1367 PACIFIC RD POINCIANA, FL- 34759","$224,359.82","$210,500.00","$224,359.82",282815935362001210
2026-06-11T04:20:04,NEW,2025CA003345A000BA,06/30/2026 10:00 AM ET,"1123 WALNUT ST W LAKELAND, FL- 33815","$179,799.01","$243,968.00","$179,799.01",232824113000008160
2026-06-11T04:20:04,NEW,2025CC011194A000BA,06/30/2026 10:00 AM ET,"724 LOBELIA DR DAVENPORT, FL- 33837","$6,886.49","$181,641.00","$6,886.49",272630708001000110
2026-06-11T04:20:04,NEW,2026CC000578A000BA,06/30/2026 10:00 AM ET,"2772 CANYON CREST DR LAKELAND, FL- 33811","$8,510.45","$265,290.00","$8,510.45",232828138015001420
2026-06-11T04:20:04,NEW,2022CA003270000000,07/02/2026 10:00 AM ET,"3105 SCENIC HWY S LAKE WALES, FL- 33898","$432,262.60","$331,812.00","$432,262.60",273024927072000030
2026-06-11T04:20:04,NEW,2024CA003897000000,07/02/2026 10:00 AM ET,"671 WATERFERN TRAIL DR AUBURNDALE, FL- 33823","$277,870.83","$165,000.00","$277,870.83",252736305501000210
2026-06-11T04:20:04,NEW,2025CA000682000000,07/02/2026 10:00 AM ET,"206 17TH ST W WINTER HAVEN, FL- 33880","$184,953.77","$239,422.00","$184,953.77",262920690000024701
2026-06-11T04:20:04,NEW,2025CA002296A000BA,07/02/2026 10:00 AM ET,"1424 SARASOTA DR POINCIANA, FL- 34759","$17,309.27","$168,564.00","$17,309.27",282733934460381160
2026-06-11T04:20:04,NEW,2025CA003332A000BA,07/02/2026 10:00 AM ET,"2190 GREENTREE CT BARTOW, FL- 33830","$193,136.77","$159,638.00","$193,136.77",253009426820000180
2026-06-11T04:20:04,NEW,2025CC010562A000BA,07/02/2026 10:00 AM ET,"516 DURANGO LOOP ST DAVENPORT, FL- 33897","$8,631.91","$89,895.00","$8,631.91",262523488058000390
2026-06-11T04:20:04,CLOSED,2025CC002002000000,06/10/2026 10:00 AM ET,"8344 ADELE RD LAKELAND, FL- 33810","$9,325.02","$216,334.00","$9,983.79",232710000830001080
2026-06-11T04:20:04,CLOSED,2025CA000703000000,06/25/2026 10:00 AM ET,"1625 PILCHARD CT POINCIANA, FL- 34759","$181,487.32","$235,975.00","$181,487.32",282802934710031030
2026-06-12T04:20:14,NEW,2025CA003762A000BA,06/15/2026 10:00 AM ET,"112 TERRACE DR WINTER HAVEN, FL- 33884","$210,652.10","$135,543.00","$210,652.10",262834660000001480
2026-06-12T04:20:14,CLOSED,2024CC001673000000,06/15/2026 10:00 AM ET,"5328 TUSCANY LN DAVENPORT, FL- 33897","$17,222.28","$333,842.00","$17,222.28",262525998491000260
2026-06-15T04:20:16,NEW,2025CA003934A000BA,06/15/2026 10:00 AM ET,"1233 YELLOW FINCH DR DAVENPORT, FL- 33837","$8,471.76","$258,500.00",Hidden,272629706442000460
2026-06-15T04:20:16,CLOSED,2024CA002763000000,06/12/2026 10:00 AM ET,"1207 NE 6TH ST MULBERRY, FL- 33860","$140,481.18","$115,321.00","$143,764.67",233001142490002020
2026-06-15T04:20:16,CLOSED,2025CA001769A000BA,06/15/2026 10:00 AM ET,"2997 WHISPERING TRAILS DR WINTER HAVEN, FL- 33884","$4,310.82","$182,496.00","$4,310.82",272830850001000780
2026-06-15T04:20:16,CLOSED,2025CA002296A000BA,07/02/2026 10:00 AM ET,"1424 SARASOTA DR POINCIANA, FL- 34759","$17,309.27","$168,564.00","$17,309.27",282733934460381160
2026-06-16T04:20:06,NEW,2025CA000227000000,07/07/2026 10:00 AM ET,"4104 ORANGE AVE SE HIGHLAND CITY, FL- 33846","$248,881.75","$163,804.00","$248,881.75",242914283000060232
2026-06-16T04:20:06,NEW,2025CA000347000000,07/07/2026 10:00 AM ET,"1454 PARK PL HAINES CITY, FL- 33844","$443,118.14","$295,674.00","$443,118.14",272720749029000240
2026-06-16T04:20:06,NEW,2025CA000649000000,07/07/2026 10:00 AM ET,"926 CENTAURY DR POINCIANA, FL- 34759","$1,673,007.64","$181,593.00","$231,897.03",MULTIPLE
2026-06-16T04:20:06,NEW,2025CA001726A000BA,07/07/2026 10:00 AM ET,"5684 DORNICH DR AUBURNDALE, FL- 33823","$435,031.42","$316,319.00","$435,031.42",252709298383000210
2026-06-16T04:20:06,NEW,2025CA002846A000BA,07/07/2026 10:00 AM ET,"1073 SILAS ST HAINES CITY, FL- 33844","$416,262.74","$274,330.00","$416,262.74",272734810535000120
2026-06-16T04:20:06,NEW,2025CA003206A000BA,07/07/2026 10:00 AM ET,"3488 JADE LN MULBERRY, FL- 33860","$131,942.82","$109,253.00","$131,942.82",232934142460001740
2026-06-16T04:20:06,NEW,2025CA003687A000BA,07/07/2026 10:00 AM ET,"6604 WINTERSET GARDENS RD WINTER HAVEN, FL- 33884","$511,107.58","$360,697.00","$511,107.58",262914687800006241
2026-06-16T04:20:06,NEW,2025CA004400A000BA,07/07/2026 10:00 AM ET,"434 DIAMOND ACRES RD DAVENPORT, FL- 33837","$230,048.61","$228,329.00","$230,048.61",272706726500041401
2026-06-16T04:20:06,NEW,2025CA004700A000BA,07/07/2026 10:00 AM ET,"643 TAFT DR DAVENPORT, FL- 33837","$7,784.78","$361,977.00","$7,784.78",272705726011000850
2026-06-16T04:20:06,CLOSED,2022CA001854000000,06/15/2026 10:00 AM ET,"749 DROMEDARY DR POINCIANA, FL- 34759","$192,936.95","$186,819.00","$152,971.00",282724934010127050
2026-06-16T04:20:06,CLOSED,2023CA007054000000,06/15/2026 10:00 AM ET,"347 GLADESDALE ST HAINES CITY, FL- 33844","$227,741.64","$184,653.00",Hidden,272733810522001050
2026-06-16T04:20:06,CLOSED,2024CC007299000000,06/15/2026 10:00 AM ET,"12750 FARMETTES RD LAKELAND, FL- 33809","$10,904.43","$81,515.00","$10,904.43",232615000395000110
2026-06-16T04:20:06,CLOSED,2025CA000168000000,06/15/2026 10:00 AM ET,"459 BALLYSHANNON DR DAVENPORT, FL- 33897","$10,569.46","$398,739.00","$10,569.46",262524488065001130
2026-06-16T04:20:06,CLOSED,2025CA002458A000BA,06/15/2026 10:00 AM ET,"639 BEAR CT POINCIANA, FL- 34759","$199,280.29","$55,551.00",Hidden,282724934010134250
2026-06-16T04:20:06,CLOSED,2025CA002771A000BA,06/15/2026 10:00 AM ET,"248 TOWER VIEW DR W HAINES CITY, FL- 33844","$364,671.81","$270,543.00","$178,200.00",272716740501000650
2026-06-16T04:20:06,CLOSED,2025CA003047A000BA,06/15/2026 10:00 AM ET,"10401 STEVEN DR POLK CITY, FL- 33868","$90,201.49","$56,161.00","$90,201.49",252630295370000170
2026-06-16T04:20:06,CLOSED,2025CA003323A000BA,06/15/2026 10:00 AM ET,"202 AVENUE P NE WINTER HAVEN, FL- 33881","$177,987.62","$153,308.00","$79,060.00",262821580100000360
2026-06-16T04:20:06,CLOSED,2025CA003762A000BA,06/15/2026 10:00 AM ET,"112 TERRACE DR WINTER HAVEN, FL- 33884","$210,652.10","$135,543.00",Hidden,262834660000001480
2026-06-16T04:20:06,CLOSED,2025CA003934A000BA,06/15/2026 10:00 AM ET,"1233 YELLOW FINCH DR DAVENPORT, FL- 33837","$8,471.76","$258,500.00",Hidden,272629706442000460
2026-06-17T04:20:23,NEW,2025CA002154A000BA,07/08/2026 10:00 AM ET,"585 RIDGE AVE N LAKE ALFRED, FL- 33850","$396,637.53","$181,743.00","$396,637.53",262732513620005010
2026-06-17T04:20:23,NEW,2026CC000781A000BA,07/08/2026 10:00 AM ET,"5396 DORNICH DR AUBURNDALE, FL- 33823","$6,095.17","$217,912.00",Hidden,252709298381000820
2026-06-17T04:20:23,NEW,2025CA004102A000BA,07/09/2026 10:00 AM ET,"204 4TH ST WINTER HAVEN, FL- 33880","$145,284.28","$132,628.00","$145,284.28",252826354700000190
2026-06-17T04:20:23,NEW,2025CA004578A000BA,07/09/2026 10:00 AM ET,"144 HAMPTON LOOP DAVENPORT, FL- 33837","$9,269.37","$468,132.00","$9,269.37",282619932943000140
2026-06-17T04:20:23,CLOSED,2024CA003515000000,06/16/2026 10:00 AM ET,"2360 SANDERLING ST HAINES CITY, FL- 33844","$13,507.04","$240,326.00","$13,507.04",272709729507002000
2026-06-17T04:20:23,CLOSED,2024CA004488000000,06/16/2026 10:00 AM ET,"2102 CALABRIA AVE DAVENPORT, FL- 33897","$300,551.71","$247,500.00",Hidden,262514999949003870
2026-06-18T04:20:42,NEW,2023CC008768000000,06/29/2026 10:00 AM ET,"5440 FIELDSTONE DR LAKELAND, FL- 33809",$0.00,"$116,867.00","$76,568.11",Property
2026-06-18T04:20:42,NEW,2024CA000256000000,07/10/2026 10:00 AM ET,"240 WESTWOOD AVE WINTER HAVEN, FL- 33880","$182,951.37","$21,878.00","$182,951.37",252824348000001110
2026-06-18T04:20:42,NEW,2024CA001064000000,07/10/2026 10:00 AM ET,"10931 PATHFINDER TRL LAKELAND, FL- 33809","$271,933.97","$185,141.00","$271,933.97",232625000580000280
2026-06-18T04:20:42,NEW,2024CA002051000000,07/10/2026 10:00 AM ET,"110 WINONA AVE S LAKE ALFRED, FL- 33850","$82,437.38","$50,855.00","$82,437.38",262732503000029021
2026-06-18T04:20:42,NEW,2024CA003504000000,07/10/2026 10:00 AM ET,"547 BIG SIOUX CT POINCIANA, FL- 34759","$309,259.18","$234,378.00","$309,259.18",282815935360023060
2026-06-18T04:20:42,NEW,2024CA004737000000,07/10/2026 10:00 AM ET,"879 GRANDIN ST DAVENPORT, FL- 33837","$12,120.66","$164,165.00","$12,120.66",272629707041001280
2026-06-18T04:20:42,NEW,2024CA004837000000,07/10/2026 10:00 AM ET,"818 LAKE MARTHA DR NE WINTER HAVEN, FL- 33881","$73,656.14","$195,831.00","$73,656.14",262821573500003021
2026-06-18T04:20:42,NEW,2025CA001413A000BA,07/10/2026 10:00 AM ET,"3807 WHITE OAK CT LAKE WALES, FL- 33898","$263,865.02","$255,399.00","$263,865.02",282933937780002111
2026-06-18T04:20:42,NEW,2025CA004299A000BA,07/10/2026 10:00 AM ET,"3795 LEVINS RD MULBERRY, FL- 33860","$271,019.30","$223,086.00","$271,019.30",232933000000032280
2026-06-18T04:20:42,NEW,2019CA000976000000,07/13/2026 10:00 AM ET,"2050 CHARLESTON LN BARTOW, FL- 33830","$352,260.79","$321,112.00","$352,260.79",242936292207000610
2026-06-18T04:20:42,NEW,2025CA001180A000BA,07/14/2026 10:00 AM ET,"56 BUCK CIR HAINES CITY, FL- 33844","$233,782.80","$169,000.00","$233,782.80",282829935954000260
2026-06-18T04:20:42,NEW,2025CA001788A000BA,07/14/2026 10:00 AM ET,"842 OSCEOLA AVE LAKE WALES, FL- 33853","$353,333.00","$227,153.00","$353,333.00",273001898001001110
2026-06-18T04:20:42,NEW,2025CC001989000000,07/14/2026 10:00 AM ET,"333 JAMES CIR LAKE ALFRED, FL- 33850","$1,463.96","$266,307.00","$1,463.96",262804522752000250
2026-06-18T04:20:42,NEW,2025CA001981A000BA,07/15/2026 10:00 AM ET,"6241 FORESTWOOD DR W LAKELAND, FL- 33811","$214,390.47","$319,556.00","$214,390.47",232921141771001310
2026-06-18T04:20:42,NEW,2025CA002960A000BA,07/15/2026 10:00 AM ET,"19501 WEST COUNTRY CLUB DR 150 AVENTURA, FL- 33180","$1,020,747.88","$261,348.00","$9,263.57",Property
2026-06-18T04:20:42,NEW,2025CA004846A000BA,07/15/2026 10:00 AM ET,"1222 ROWELL ST AUBURNDALE, FL- 33823","$167,559.72","$121,451.00","$167,559.72",252818347000003108
2026-06-18T04:20:42,NEW,2023CA004371000000,07/16/2026 10:00 AM ET,"5615 HWY 98 N LAKELAND, FL- 33809","$344,560.53","$150,838.00","$344,560.53",232724008500000432
2026-06-18T04:20:42,NEW,2023CA004394000000,07/17/2026 10:00 AM ET,"950 BEE AVE BARTOW, FL- 33830","$75,418.88","$166,923.00","$75,418.88",253006000000014340
2026-06-18T04:20:42,NEW,2023CA006124000000,07/17/2026 10:00 AM ET,"17 ZINNIA LN E POINCIANA, FL- 34759","$10,651.65","$237,377.00","$10,651.65",282810935240830230
2026-06-18T04:20:42,NEW,2018CA001861000000,07/21/2026 10:00 AM ET,"309 MOUNTAIN DR BABSON PARK, FL- 33827","$186,131.04","$155,557.00","$186,131.04",283033955600030130
2026-06-18T04:20:42,NEW,2024CA001230000000,07/21/2026 10:00 AM ET,"226 ADAMS ST AUBURNDALE, FL- 33823","$93,255.65","$83,310.00","$93,255.65",252811335300001880
2026-06-18T04:20:42,NEW,2024CA003487000000,07/21/2026 10:00 AM ET,"855 BRAYTON LN DAVENPORT, FL- 33897",$0.00,"$269,506.00","$308,589.84",Property
2026-06-18T04:20:42,NEW,2025CA000874000000,07/21/2026 10:00 AM ET,"2035 HEMINGWAY AVE HAINES CITY, FL- 33844","$225,438.14","$330,938.00","$225,438.14",272720749001000700
2026-06-18T04:20:42,NEW,2025CA000919000000,07/21/2026 10:00 AM ET,"284 SCRIPPS RANCH RD POINCIANA, FL- 34759",$0.00,"$255,073.00","$295,877.73",Property
2026-06-18T04:20:42,NEW,2025CA001772A000BA,07/21/2026 10:00 AM ET,"1218 AVENUE K HAINES CITY, FL- 33844","$288,836.55","$87,205.00","$120,000.00",272721753500001170
2026-06-18T04:20:42,NEW,2025CA001942A000BA,07/21/2026 10:00 AM ET,"596 OGELTHORPE DR DAVENPORT, FL- 33897","$67,439.14","$289,880.00","$67,439.14",262536999934002610
2026-06-18T04:20:42,CLOSED,2023CA000440000000,06/19/2026 10:00 AM ET,"1404 HILLSBOROUGH WAY POINCIANA, FL- 34759","$244,011.82","$205,358.00","$244,011.82",282733934460414130
2026-06-18T04:20:42,CLOSED,2023CA006283000000,06/29/2026 10:00 AM ET,"5440 FIELDSTONE DR LAKELAND, FL- 33809","$15,361,476.92","$116,867.00","$76,568.11",MULTIPLE
2026-06-19T04:20:43,NEW,2025CA000327000000,07/21/2026 10:00 AM ET,"855 BRAYTON LN DAVENPORT, FL- 33897","$308,589.84","$269,506.00","$308,589.84",262511486253003130
2026-06-19T04:20:43,NEW,2025CA000975000000,07/21/2026 10:00 AM ET,"1389 BUCKEYE TRACE BLVD WINTER HAVEN, FL- 33881","$259,518.68","$218,462.00","$259,518.68",262822588321001070
2026-06-19T04:20:43,NEW,2025CA001574A000BA,07/21/2026 10:00 AM ET,"284 SCRIPPS RANCH RD POINCIANA, FL- 34759","$295,877.73","$255,073.00","$295,877.73",282722933914001900
2026-06-22T04:20:34,NEW,2025CC006665A000BA,06/23/2026 10:00 AM ET,"6237 ASHLEY DR LAKELAND, FL- 33813","$7,281.75","$449,734.00","$7,281.75",242922287524000020
2026-06-22T04:20:34,CLOSED,2023CA005560000000,06/19/2026 10:00 AM ET,"2315 1ST ST MULBERRY, FL- 33860","$85,442.91","$110,207.00",Hidden,233003000000013140
2026-06-22T04:20:34,CLOSED,2024CA002527000000,06/19/2026 10:00 AM ET,"2018 HALLMARK CT LAKELAND, FL- 33803","$305,053.80","$233,343.00",Hidden,242829249800004081
2026-06-22T04:20:34,CLOSED,2025CA001566A000BA,06/19/2026 10:00 AM ET,"1704 SNOOK PL POINCIANA, FL- 34759","$82,592.28","$106,237.00",Hidden,282802934710049020
2026-06-22T04:20:34,CLOSED,2025CC007247A000BA,06/19/2026 10:00 AM ET,"3710 EISEL WAY HAINES CITY, FL- 33844","$7,094.65","$277,441.00","$7,732.57",272719744118000410
2026-06-22T04:20:34,CLOSED,2025CA000984000000,06/23/2026 10:00 AM ET,"5848 WINDRIDGE DR WINTER HAVEN, FL- 33881","$251,572.50","$300,285.00",Hidden,262801521035000160
2026-06-22T04:20:34,CLOSED,2025CC011194A000BA,06/30/2026 10:00 AM ET,"724 LOBELIA DR DAVENPORT, FL- 33837","$6,886.49","$181,641.00","$6,886.49",272630708001000110
2026-06-22T04:20:34,CLOSED,2026CC000578A000BA,06/30/2026 10:00 AM ET,"2772 CANYON CREST DR LAKELAND, FL- 33811","$8,510.45","$265,290.00","$8,510.45",232828138015001420
2026-06-22T04:20:34,CLOSED,2025CA004578A000BA,07/09/2026 10:00 AM ET,"144 HAMPTON LOOP DAVENPORT, FL- 33837","$9,269.37","$468,132.00","$9,269.37",282619932943000140
2026-06-23T04:20:38,NEW,2025CC009242A000BA,06/23/2026 10:00 AM ET,"750 CONCORD LN LAKELAND, FL- 33809","$5,229.10","$228,355.00","$5,855.47",242718161212000250
2026-06-23T04:20:38,CLOSED,2025CC006665A000BA,06/23/2026 10:00 AM ET,"6237 ASHLEY DR LAKELAND, FL- 33813","$7,281.75","$449,734.00","$7,281.75",242922287524000020
2026-06-24T04:20:27,CLOSED,2022CA004109000000,06/23/2026 10:00 AM ET,"1815 4TH ST NW WINTER HAVEN, FL- 33881","$161,267.42","$155,176.00",Hidden,262817542300000240
2026-06-24T04:20:27,CLOSED,2025CA000810000000,06/23/2026 10:00 AM ET,"147 TRACY CIR HAINES CITY, FL- 33844","$279,352.33","$257,343.00","$279,352.33",272720749033000480
2026-06-24T04:20:27,CLOSED,2025CA002290A000BA,06/23/2026 10:00 AM ET,"246 DINNER LAKE PL LAKE WALES, FL- 33859","$141,640.91","$219,690.00",Hidden,272915864504001160
2026-06-24T04:20:27,CLOSED,2025CA002732A000BA,06/23/2026 10:00 AM ET,"1706 SHORE ACRES DR LAKELAND, FL- 33801","$154,482.90","$214,046.00","$151,096.00",242817193000015150
2026-06-24T04:20:27,CLOSED,2025CA004564A000BA,06/23/2026 10:00 AM ET,"4817 MARK WAY BARTOW, FL- 33830","$306,207.93","$202,280.00",Hidden,252913359330000600
2026-06-24T04:20:27,CLOSED,2025CA004796A000BA,06/23/2026 10:00 AM ET,"204 HERBERT ST AUBURNDALE, FL- 33823","$123,667.71","$157,597.00",Hidden,252804314500000101
2026-06-24T04:20:27,CLOSED,2025CA004899A000BA,06/23/2026 10:00 AM ET,"530 BUCKSHOT LN LAKELAND, FL- 33809","$421,645.24","$277,870.00",Hidden,242718161219001990
2026-06-24T04:20:27,CLOSED,2025CC004097A000BA,06/23/2026 10:00 AM ET,"1836 N CRYSTAL LAKE DR APT 26 LAKELAND, FL- 33801","$11,557.36","$147,000.00","$17,649.63",242820239220024030
2026-06-24T04:20:27,CLOSED,2025CC005771A000BA,06/23/2026 10:00 AM ET,"425 KENSINGTON VIEW DR WINTER HAVEN, FL- 33880","$6,330.37","$230,715.00","$6,330.37",252911357126000210
2026-06-24T04:20:27,CLOSED,2025CC009242A000BA,06/23/2026 10:00 AM ET,"750 CONCORD LN LAKELAND, FL- 33809","$5,229.10","$228,355.00","$5,855.47",242718161212000250
2026-06-25T04:20:34,CLOSED,2025CA000319000000,06/24/2026 10:00 AM ET,"3932 ROLLING HILLS CT E LOT 10 LAKE WALES, FL- 33898","$88,971.89","$143,842.00",Hidden,282918000000041150
2026-06-25T04:20:34,CLOSED,2025CA004861A000BA,06/24/2026 10:00 AM ET,"5005 HWY 60 E BARTOW, FL- 33830","$744,076.06","$519,816.00","$749,962.36",253001000000031020
2026-06-25T04:20:34,CLOSED,2025CC003870A000BA,06/24/2026 10:00 AM ET,"2420 SILVER VIEW DR LAKELAND, FL- 33811","$10,476.17","$293,249.00","$10,476.17",232828138014000550
2026-06-25T04:20:34,CLOSED,2025CA003345A000BA,06/30/2026 10:00 AM ET,"1123 WALNUT ST W LAKELAND, FL- 33815","$179,799.01","$243,968.00","$179,799.01",232824113000008160
2026-06-25T04:20:34,CLOSED,2023CA004394000000,07/17/2026 10:00 AM ET,"950 BEE AVE BARTOW, FL- 33830","$75,418.88","$166,923.00","$75,418.88",253006000000014340
2026-06-26T04:20:40,CLOSED,2023CA004947000000,06/25/2026 10:00 AM ET,"1121 SW 1ST ST WINTER HAVEN, FL- 33880","$3,105,091.24","$1,096,936.00","$3,105,091.24",262832000000011160
2026-06-26T04:20:40,CLOSED,2025CA000550000000,06/25/2026 10:00 AM ET,"196 KENNY BLVD HAINES CITY, FL- 33844","$325,310.57","$335,511.00","$329,426.62",272732804508001050
2026-06-26T04:20:40,CLOSED,2025CA000662000000,06/25/2026 10:00 AM ET,"645 SARNER PASS WAY WINTER HAVEN, FL- 33881","$475,812.06","$266,691.00","$475,812.06",262802522104000630
2026-06-26T04:20:40,CLOSED,2024CA003144000000,06/26/2026 10:00 AM ET,"7457 HUNTERS GREENE CIR LAKELAND, FL- 33810","$182,622.18","$129,378.00",Hidden,232715000959001090
2026-06-29T04:20:29,NEW,2025CA000551000000,06/29/2026 10:00 AM ET,"5440 FIELDSTONE DR LAKELAND, FL- 33809","$76,568.11","$116,867.00",Hidden,242730163032002060
2026-06-29T04:20:29,NEW,2024CA004334000000,07/07/2026 10:00 AM ET,"2433 EVERETT ST LAKELAND, FL- 33801","$56,349.70","$96,136.00",Hidden,242816187500041080
2026-06-29T04:20:29,NEW,2024CA003096000000,07/23/2026 10:00 AM ET,"2318 MAPLE HILL DR LAKELAND, FL- 33811","$219,468.77","$287,273.00","$219,468.77",232910000000012160
2026-06-29T04:20:29,NEW,2025CA000810000000,07/23/2026 10:00 AM ET,"147 TRACY CIR HAINES CITY, FL- 33844","$279,352.33","$257,343.00","$279,352.33",272720749033000480
2026-06-29T04:20:29,NEW,2025CA001554A000BA,07/23/2026 10:00 AM ET,"205 HAMLET RD DAVENPORT, FL- 33837","$13,430.34","$271,901.00","$13,430.34",272632709508000080
2026-06-29T04:20:29,NEW,2025CA001993A000BA,07/23/2026 10:00 AM ET,"827 CHINOY RD DAVENPORT, FL- 33837","$390,578.65","$278,585.00","$390,578.65",272634710501000310
2026-06-29T04:20:29,NEW,2025CA005397A000BA,07/23/2026 10:00 AM ET,"133 SANDERLING DR HAINES CITY, FL- 33844","$303,710.62","$228,710.00","$303,710.62",282829935956000490
2026-06-29T04:20:29,NEW,2024CC006028000000,07/24/2026 10:00 AM ET,"232 AIDAN'S LNDG HAINES CITY, FL- 33844","$16,593.78","$338,486.00","$16,593.78",272732804507000660
2026-06-29T04:20:29,NEW,2025CA001747A000BA,07/24/2026 10:00 AM ET,"3942 LANA AVE DAVENPORT, FL- 33897","$36,700.30","$422,000.00","$36,700.30",262513998016006550
2026-06-29T04:20:29,NEW,2025CA002985A000BA,07/24/2026 10:00 AM ET,"3460 JULIUS ESTATES BLVD WINTER HAVEN, FL- 33881","$204,344.22","$240,327.00","$204,344.22",262810530501000150
2026-06-29T04:20:29,NEW,2025CA003346A000BA,07/24/2026 10:00 AM ET,"5557 ORO VALLEY RD AUBURNDALE, FL- 33823","$229,371.03","$222,618.00","$229,371.03",252709298384001090
2026-06-29T04:20:29,NEW,2025CA003431A000BA,07/24/2026 10:00 AM ET,"376 LAKE ELOISE POINTE DR WINTER HAVEN, FL- 33880","$165,011.16","$158,432.00","$165,011.16",262916689003000780
2026-06-29T04:20:29,NEW,2025CA004173A000BA,07/24/2026 10:00 AM ET,"507 8TH ST SE FORT MEADE, FL- 33841","$265,060.82","$158,634.00","$265,060.82",253134484600000080
2026-06-29T04:20:29,NEW,2025CA004403A000BA,07/24/2026 10:00 AM ET,"1064 PLANTATION LN DAVENPORT, FL- 33896","$417,681.61","$299,500.00","$417,681.61",272605701160001100
2026-06-29T04:20:29,NEW,2025CA004519A000BA,07/24/2026 10:00 AM ET,"2677 BUTTERCUP AVE LAKE HAMILTON, FL- 33851","$322,297.98","$228,495.00","$322,297.98",272810822212009410
2026-06-29T04:20:29,NEW,2025CC009089A000BA,07/24/2026 10:00 AM ET,"129 MINNIEHAHA CIR HAINES CITY, FL- 33845","$10,101.73","$304,907.00","$10,101.73",272717741010002150
2026-06-29T04:20:29,CLOSED,2025CA004099A000BA,06/26/2026 10:00 AM ET,"5542 6TH ST SE LAKELAND, FL- 33812","$383,194.73","$247,810.00",Hidden,242914283000040860
2026-06-29T04:20:29,CLOSED,2023CC008768000000,06/29/2026 10:00 AM ET,"5440 FIELDSTONE DR LAKELAND, FL- 33809",$0.00,"$116,867.00","$76,568.11",Property
2026-06-29T04:20:29,CLOSED,2025CA003110A000BA,06/29/2026 10:00 AM ET,"129 CLOVERBROOK TRL DAVENPORT, FL- 33837","$165,509.55","$311,882.00","$165,509.55",272711737502000230
2026-06-29T04:20:29,CLOSED,2025CA004700A000BA,07/07/2026 10:00 AM ET,"643 TAFT DR DAVENPORT, FL- 33837","$7,784.78","$361,977.00","$7,867.48",272705726011000850
2026-06-30T04:15:09,CLOSED,2025CA000551000000,06/29/2026 10:00 AM ET,"5440 FIELDSTONE DR LAKELAND, FL- 33809","$76,568.11","$116,867.00",Hidden,242730163032002060
2026-06-30T04:15:09,CLOSED,2025CA002319A000BA,06/29/2026 10:00 AM ET,"176 KRENSON BAY LOOP WINTER HAVEN, FL- 33881","$12,626.09","$285,744.00","$12,626.09",262821585012000190
2026-06-30T04:15:09,CLOSED,2025CA002758A000BA,06/29/2026 10:00 AM ET,"6031 HILLTOP LN E LAKELAND, FL- 33809","$116,295.53","$54,862.00",Hidden,232724008200013603
2026-06-30T04:15:09,CLOSED,2025CC000410000000,06/29/2026 10:00 AM ET,"646 HONEY BELL RD WINTER HAVEN, FL- 33880","$28,228.35","$285,584.00","$9,240.92",MOBILE
2026-06-30T04:15:09,CLOSED,2025CC008586A000BA,06/29/2026 10:00 AM ET,"305 SPIRIT LANDINGS CIR WINTER HAVEN, FL- 33880","$6,306.25","$256,562.00","$6,306.25",252911357129000470
2026-06-30T04:15:09,CLOSED,2023CA003812000000,06/30/2026 10:00 AM ET,"1367 PACIFIC RD POINCIANA, FL- 34759","$224,359.82","$210,500.00",Hidden,282815935362001210
2026-06-30T04:15:09,CLOSED,2022CA003270000000,07/02/2026 10:00 AM ET,"3105 SCENIC HWY S LAKE WALES, FL- 33898","$432,262.60","$331,812.00","$432,262.60",273024927072000030
2026-06-30T04:15:09,CLOSED,2024CA003897000000,07/02/2026 10:00 AM ET,"671 WATERFERN TRAIL DR AUBURNDALE, FL- 33823","$277,870.83","$165,000.00","$277,870.83",252736305501000210
2026-06-30T04:15:09,CLOSED,2025CA000682000000,07/02/2026 10:00 AM ET,"206 17TH ST W WINTER HAVEN, FL- 33880","$184,953.77","$239,422.00","$184,953.77",262920690000024701
2026-06-30T04:15:09,CLOSED,2025CA003332A000BA,07/02/2026 10:00 AM ET,"2190 GREENTREE CT BARTOW, FL- 33830","$193,136.77","$159,638.00","$193,136.77",253009426820000180
2026-06-30T04:15:09,CLOSED,2025CC010562A000BA,07/02/2026 10:00 AM ET,"516 DURANGO LOOP ST DAVENPORT, FL- 33897","$8,631.91","$89,895.00","$8,631.91",262523488058000390
2026-06-30T04:15:09,CLOSED,2024CA004334000000,07/07/2026 10:00 AM ET,"2433 EVERETT ST LAKELAND, FL- 33801","$56,349.70","$96,136.00",Hidden,242816187500041080
2026-06-30T04:15:09,CLOSED,2025CA000227000000,07/07/2026 10:00 AM ET,"4104 ORANGE AVE SE HIGHLAND CITY, FL- 33846","$248,881.75","$163,804.00","$248,881.75",242914283000060232
2026-06-30T04:15:09,CLOSED,2025CA000347000000,07/07/2026 10:00 AM ET,"1454 PARK PL HAINES CITY, FL- 33844","$443,118.14","$295,674.00","$443,118.14",272720749029000240
2026-06-30T04:15:09,CLOSED,2025CA000649000000,07/07/2026 10:00 AM ET,"926 CENTAURY DR POINCIANA, FL- 34759","$1,673,007.64","$181,593.00","$231,897.03",MULTIPLE
2026-06-30T04:15:09,CLOSED,2025CA001726A000BA,07/07/2026 10:00 AM ET,"5684 DORNICH DR AUBURNDALE, FL- 33823","$435,031.42","$316,319.00","$435,031.42",252709298383000210
2026-06-30T04:15:09,CLOSED,2025CA002846A000BA,07/07/2026 10:00 AM ET,"1073 SILAS ST HAINES CITY, FL- 33844","$416,262.74","$274,330.00","$416,262.74",272734810535000120
2026-06-30T04:15:09,CLOSED,2025CA003206A000BA,07/07/2026 10:00 AM ET,"3488 JADE LN MULBERRY, FL- 33860","$131,942.82","$109,253.00","$131,942.82",232934142460001740
2026-06-30T04:15:09,CLOSED,2025CA003687A000BA,07/07/2026 10:00 AM ET,"6604 WINTERSET GARDENS RD WINTER HAVEN, FL- 33884","$511,107.58","$360,697.00","$511,107.58",262914687800006241
2026-06-30T04:15:09,CLOSED,2025CA004400A000BA,07/07/2026 10:00 AM ET,"434 DIAMOND ACRES RD DAVENPORT, FL- 33837","$230,048.61","$228,329.00","$230,048.61",272706726500041401
2026-06-30T04:15:09,CLOSED,2025CA002154A000BA,07/08/2026 10:00 AM ET,"585 RIDGE AVE N LAKE ALFRED, FL- 33850","$396,637.53","$181,743.00","$396,637.53",262732513620005010
2026-06-30T04:15:09,CLOSED,2026CC000781A000BA,07/08/2026 10:00 AM ET,"5396 DORNICH DR AUBURNDALE, FL- 33823","$6,095.17","$217,912.00",Hidden,252709298381000820
2026-06-30T04:15:09,CLOSED,2025CA004102A000BA,07/09/2026 10:00 AM ET,"204 4TH ST WINTER HAVEN, FL- 33880","$145,284.28","$132,628.00","$145,284.28",252826354700000190
2026-06-30T04:15:09,CLOSED,2024CA000256000000,07/10/2026 10:00 AM ET,"240 WESTWOOD AVE WINTER HAVEN, FL- 33880","$182,951.37","$21,878.00","$182,951.37",252824348000001110
2026-06-30T04:15:09,CLOSED,2024CA001064000000,07/10/2026 10:00 AM ET,"10931 PATHFINDER TRL LAKELAND, FL- 33809","$271,933.97","$185,141.00","$271,933.97",232625000580000280
2026-06-30T04:15:09,CLOSED,2024CA002051000000,07/10/2026 10:00 AM ET,"110 WINONA AVE S LAKE ALFRED, FL- 33850","$82,437.38","$50,855.00","$82,437.38",262732503000029021
2026-06-30T04:15:09,CLOSED,2024CA003504000000,07/10/2026 10:00 AM ET,"547 BIG SIOUX CT POINCIANA, FL- 34759","$309,259.18","$234,378.00","$309,259.18",282815935360023060
2026-06-30T04:15:09,CLOSED,2024CA004737000000,07/10/2026 10:00 AM ET,"879 GRANDIN ST DAVENPORT, FL- 33837","$12,120.66","$164,165.00","$12,120.66",272629707041001280
2026-06-30T04:15:09,CLOSED,2024CA004837000000,07/10/2026 10:00 AM ET,"818 LAKE MARTHA DR NE WINTER HAVEN, FL- 33881","$73,656.14","$195,831.00","$73,656.14",262821573500003021
2026-06-30T04:15:09,CLOSED,2025CA001413A000BA,07/10/2026 10:00 AM ET,"3807 WHITE OAK CT LAKE WALES, FL- 33898","$263,865.02","$255,399.00","$263,865.02",282933937780002111
2026-06-30T04:15:09,CLOSED,2025CA004299A000BA,07/10/2026 10:00 AM ET,"3795 LEVINS RD MULBERRY, FL- 33860","$271,019.30","$223,086.00","$271,019.30",232933000000032280
2026-06-30T04:15:09,CLOSED,2019CA000976000000,07/13/2026 10:00 AM ET,"2050 CHARLESTON LN BARTOW, FL- 33830","$352,260.79","$321,112.00","$352,260.79",242936292207000610
2026-06-30T04:15:09,CLOSED,2025CA001180A000BA,07/14/2026 10:00 AM ET,"56 BUCK CIR HAINES CITY, FL- 33844","$233,782.80","$169,000.00","$233,782.80",282829935954000260
2026-06-30T04:15:09,CLOSED,2025CA001788A000BA,07/14/2026 10:00 AM ET,"842 OSCEOLA AVE LAKE WALES, FL- 33853","$353,333.00","$227,153.00","$353,333.00",273001898001001110
2026-06-30T04:15:09,CLOSED,2025CC001989000000,07/14/2026 10:00 AM ET,"333 JAMES CIR LAKE ALFRED, FL- 33850","$1,463.96","$266,307.00","$1,936.80",262804522752000250
2026-06-30T04:15:09,CLOSED,2025CA001981A000BA,07/15/2026 10:00 AM ET,"6241 FORESTWOOD DR W LAKELAND, FL- 33811","$214,390.47","$319,556.00","$214,390.47",232921141771001310
2026-06-30T04:15:09,CLOSED,2025CA002960A000BA,07/15/2026 10:00 AM ET,"19501 WEST COUNTRY CLUB DR 150 AVENTURA, FL- 33180","$1,020,747.88","$261,348.00","$9,263.57",Property
2026-06-30T04:15:09,CLOSED,2025CA004846A000BA,07/15/2026 10:00 AM ET,"1222 ROWELL ST AUBURNDALE, FL- 33823","$167,559.72","$121,451.00","$167,559.72",252818347000003108
2026-06-30T04:15:09,CLOSED,2023CA004371000000,07/16/2026 10:00 AM ET,"5615 HWY 98 N LAKELAND, FL- 33809","$344,560.53","$150,838.00","$344,560.53",232724008500000432
2026-06-30T04:15:09,CLOSED,2023CA006124000000,07/17/2026 10:00 AM ET,"17 ZINNIA LN E POINCIANA, FL- 34759","$10,651.65","$237,377.00","$10,651.65",282810935240830230
2026-06-30T04:15:09,CLOSED,2018CA001861000000,07/21/2026 10:00 AM ET,"309 MOUNTAIN DR BABSON PARK, FL- 33827","$186,131.04","$155,557.00","$186,131.04",283033955600030130
2026-06-30T04:15:09,CLOSED,2024CA001230000000,07/21/2026 10:00 AM ET,"226 ADAMS ST AUBURNDALE, FL- 33823","$93,255.65","$83,310.00","$93,255.65",252811335300001880
2026-06-30T04:15:09,CLOSED,2024CA003487000000,07/21/2026 10:00 AM ET,"569 KOALA DR POINCIANA, FL- 34759","$272,514.27","$215,887.00","$272,514.27",282724934010115170
2026-06-30T04:15:09,CLOSED,2025CA000327000000,07/21/2026 10:00 AM ET,"855 BRAYTON LN DAVENPORT, FL- 33897","$308,589.84","$269,506.00","$308,589.84",262511486253003130
2026-06-30T04:15:09,CLOSED,2025CA000874000000,07/21/2026 10:00 AM ET,"2035 HEMINGWAY AVE HAINES CITY, FL- 33844","$225,438.14","$330,938.00","$225,438.14",272720749001000700
2026-06-30T04:15:09,CLOSED,2025CA000919000000,07/21/2026 10:00 AM ET,"181 MANDOVI ST DAVENPORT, FL- 33837","$17,808.89","$227,500.00","$17,808.89",272629707043000190
2026-06-30T04:15:09,CLOSED,2025CA000975000000,07/21/2026 10:00 AM ET,"1389 BUCKEYE TRACE BLVD WINTER HAVEN, FL- 33881","$259,518.68","$218,462.00","$259,518.68",262822588321001070
2026-06-30T04:15:09,CLOSED,2025CA001574A000BA,07/21/2026 10:00 AM ET,"284 SCRIPPS RANCH RD POINCIANA, FL- 34759","$295,877.73","$255,073.00","$295,877.73",282722933914001900
2026-06-30T04:15:09,CLOSED,2025CA001772A000BA,07/21/2026 10:00 AM ET,"1218 AVENUE K HAINES CITY, FL- 33844","$288,836.55","$87,205.00","$120,000.00",272721753500001170
2026-06-30T04:15:09,CLOSED,2025CA001942A000BA,07/21/2026 10:00 AM ET,"596 OGELTHORPE DR DAVENPORT, FL- 33897","$67,439.14","$289,880.00","$67,439.14",262536999934002610
2026-06-30T04:15:09,CLOSED,2024CA003096000000,07/23/2026 10:00 AM ET,"2318 MAPLE HILL DR LAKELAND, FL- 33811","$219,468.77","$287,273.00","$219,468.77",232910000000012160
2026-06-30T04:15:09,CLOSED,2025CA000810000000,07/23/2026 10:00 AM ET,"147 TRACY CIR HAINES CITY, FL- 33844","$279,352.33","$257,343.00","$279,352.33",272720749033000480
2026-06-30T04:15:09,CLOSED,2025CA001554A000BA,07/23/2026 10:00 AM ET,"205 HAMLET RD DAVENPORT, FL- 33837","$13,430.34","$271,901.00","$13,430.34",272632709508000080
2026-06-30T04:15:09,CLOSED,2025CA001993A000BA,07/23/2026 10:00 AM ET,"827 CHINOY RD DAVENPORT, FL- 33837","$390,578.65","$278,585.00","$390,578.65",272634710501000310
2026-06-30T04:15:09,CLOSED,2025CA005397A000BA,07/23/2026 10:00 AM ET,"133 SANDERLING DR HAINES CITY, FL- 33844","$303,710.62","$228,710.00","$303,710.62",282829935956000490
2026-06-30T04:15:09,CLOSED,2024CC006028000000,07/24/2026 10:00 AM ET,"232 AIDAN'S LNDG HAINES CITY, FL- 33844","$16,593.78","$338,486.00","$16,593.78",272732804507000660
2026-06-30T04:15:09,CLOSED,2025CA001747A000BA,07/24/2026 10:00 AM ET,"3942 LANA AVE DAVENPORT, FL- 33897","$36,700.30","$422,000.00","$36,700.30",262513998016006550
2026-06-30T04:15:09,CLOSED,2025CA002985A000BA,07/24/2026 10:00 AM ET,"3460 JULIUS ESTATES BLVD WINTER HAVEN, FL- 33881","$204,344.22","$240,327.00","$204,344.22",262810530501000150
2026-06-30T04:15:09,CLOSED,2025CA003346A000BA,07/24/2026 10:00 AM ET,"5557 ORO VALLEY RD AUBURNDALE, FL- 33823","$229,371.03","$222,618.00","$229,371.03",252709298384001090
2026-06-30T04:15:09,CLOSED,2025CA003431A000BA,07/24/2026 10:00 AM ET,"376 LAKE ELOISE POINTE DR WINTER HAVEN, FL- 33880","$165,011.16","$158,432.00","$165,011.16",262916689003000780
2026-06-30T04:15:09,CLOSED,2025CA004173A000BA,07/24/2026 10:00 AM ET,"507 8TH ST SE FORT MEADE, FL- 33841","$265,060.82","$158,634.00","$265,060.82",253134484600000080
2026-06-30T04:15:09,CLOSED,2025CA004403A000BA,07/24/2026 10:00 AM ET,"1064 PLANTATION LN DAVENPORT, FL- 33896","$417,681.61","$299,500.00","$417,681.61",272605701160001100
2026-06-30T04:15:09,CLOSED,2025CA004519A000BA,07/24/2026 10:00 AM ET,"2677 BUTTERCUP AVE LAKE HAMILTON, FL- 33851","$322,297.98","$228,495.00","$322,297.98",272810822212009410
2026-06-30T04:15:09,CLOSED,2025CC009089A000BA,07/24/2026 10:00 AM ET,"129 MINNIEHAHA CIR HAINES CITY, FL- 33845","$10,101.73","$304,907.00","$10,101.73",272717741010002150
2026-07-01T04:20:16,NEW,2022CA003270000000,07/02/2026 10:00 AM ET,"3105 SCENIC HWY S LAKE WALES, FL- 33898","$432,262.60","$331,812.00","$432,262.60",273024927072000030
2026-07-01T04:20:16,NEW,2024CA003897000000,07/02/2026 10:00 AM ET,"671 WATERFERN TRAIL DR AUBURNDALE, FL- 33823","$277,870.83","$165,000.00",Hidden,252736305501000210
2026-07-01T04:20:16,NEW,2025CA000682000000,07/02/2026 10:00 AM ET,"206 17TH ST W WINTER HAVEN, FL- 33880","$184,953.77","$239,422.00","$184,953.77",262920690000024701
2026-07-01T04:20:16,NEW,2025CA003332A000BA,07/02/2026 10:00 AM ET,"2190 GREENTREE CT BARTOW, FL- 33830","$193,136.77","$159,638.00",Hidden,253009426820000180
2026-07-01T04:20:16,NEW,2025CC010562A000BA,07/02/2026 10:00 AM ET,"516 DURANGO LOOP ST DAVENPORT, FL- 33897","$8,631.91","$89,895.00","$8,631.91",262523488058000390
2026-07-01T04:20:16,NEW,2024CA004334000000,07/07/2026 10:00 AM ET,"2433 EVERETT ST LAKELAND, FL- 33801","$56,349.70","$96,136.00",Hidden,242816187500041080
2026-07-01T04:20:16,NEW,2025CA000227000000,07/07/2026 10:00 AM ET,"4104 ORANGE AVE SE HIGHLAND CITY, FL- 33846","$248,881.75","$163,804.00",Hidden,242914283000060232
2026-07-01T04:20:16,NEW,2025CA000347000000,07/07/2026 10:00 AM ET,"1454 PARK PL HAINES CITY, FL- 33844","$443,118.14","$295,674.00","$443,118.14",272720749029000240
2026-07-01T04:20:16,NEW,2025CA000649000000,07/07/2026 10:00 AM ET,"926 CENTAURY DR POINCIANA, FL- 34759","$1,673,007.64","$181,593.00","$231,897.03",MULTIPLE
2026-07-01T04:20:16,NEW,2025CA001726A000BA,07/07/2026 10:00 AM ET,"5684 DORNICH DR AUBURNDALE, FL- 33823","$435,031.42","$316,319.00","$435,031.42",252709298383000210
2026-07-01T04:20:16,NEW,2025CA002846A000BA,07/07/2026 10:00 AM ET,"1073 SILAS ST HAINES CITY, FL- 33844","$416,262.74","$274,330.00","$416,262.74",272734810535000120
2026-07-01T04:20:16,NEW,2025CA003206A000BA,07/07/2026 10:00 AM ET,"3488 JADE LN MULBERRY, FL- 33860","$131,942.82","$109,253.00","$131,942.82",232934142460001740
2026-07-01T04:20:16,NEW,2025CA003687A000BA,07/07/2026 10:00 AM ET,"6604 WINTERSET GARDENS RD WINTER HAVEN, FL- 33884","$511,107.58","$360,697.00","$511,107.58",262914687800006241
2026-07-01T04:20:16,NEW,2025CA004400A000BA,07/07/2026 10:00 AM ET,"434 DIAMOND ACRES RD DAVENPORT, FL- 33837","$230,048.61","$228,329.00","$230,048.61",272706726500041401
2026-07-01T04:20:16,NEW,2025CA002154A000BA,07/08/2026 10:00 AM ET,"585 RIDGE AVE N LAKE ALFRED, FL- 33850","$396,637.53","$181,743.00","$396,637.53",262732513620005010
2026-07-01T04:20:16,NEW,2026CC000781A000BA,07/08/2026 10:00 AM ET,"5396 DORNICH DR AUBURNDALE, FL- 33823","$6,095.17","$217,912.00",Hidden,252709298381000820
2026-07-01T04:20:16,NEW,2025CA004102A000BA,07/09/2026 10:00 AM ET,"204 4TH ST WINTER HAVEN, FL- 33880","$145,284.28","$132,628.00","$145,284.28",252826354700000190
2026-07-01T04:20:16,NEW,2024CA000256000000,07/10/2026 10:00 AM ET,"240 WESTWOOD AVE WINTER HAVEN, FL- 33880","$182,951.37","$21,878.00","$182,951.37",252824348000001110
2026-07-01T04:20:16,NEW,2024CA001064000000,07/10/2026 10:00 AM ET,"10931 PATHFINDER TRL LAKELAND, FL- 33809","$271,933.97","$185,141.00","$271,933.97",232625000580000280
2026-07-01T04:20:16,NEW,2024CA002051000000,07/10/2026 10:00 AM ET,"110 WINONA AVE S LAKE ALFRED, FL- 33850","$82,437.38","$50,855.00","$82,437.38",262732503000029021
2026-07-01T04:20:16,NEW,2024CA003504000000,07/10/2026 10:00 AM ET,"547 BIG SIOUX CT POINCIANA, FL- 34759","$309,259.18","$234,378.00","$309,259.18",282815935360023060
2026-07-01T04:20:16,NEW,2024CA004737000000,07/10/2026 10:00 AM ET,"879 GRANDIN ST DAVENPORT, FL- 33837","$12,120.66","$164,165.00","$12,120.66",272629707041001280
2026-07-01T04:20:16,NEW,2024CA004837000000,07/10/2026 10:00 AM ET,"818 LAKE MARTHA DR NE WINTER HAVEN, FL- 33881","$73,656.14","$195,831.00","$73,656.14",262821573500003021
2026-07-01T04:20:16,NEW,2025CA001413A000BA,07/10/2026 10:00 AM ET,"3807 WHITE OAK CT LAKE WALES, FL- 33898","$263,865.02","$255,399.00","$263,865.02",282933937780002111
2026-07-01T04:20:16,NEW,2025CA004299A000BA,07/10/2026 10:00 AM ET,"3795 LEVINS RD MULBERRY, FL- 33860","$271,019.30","$223,086.00","$271,019.30",232933000000032280
2026-07-01T04:20:16,NEW,2019CA000976000000,07/13/2026 10:00 AM ET,"2050 CHARLESTON LN BARTOW, FL- 33830","$352,260.79","$321,112.00","$352,260.79",242936292207000610
2026-07-01T04:20:16,NEW,2025CA001180A000BA,07/14/2026 10:00 AM ET,"56 BUCK CIR HAINES CITY, FL- 33844","$233,782.80","$169,000.00","$233,782.80",282829935954000260
2026-07-01T04:20:16,NEW,2025CA001788A000BA,07/14/2026 10:00 AM ET,"842 OSCEOLA AVE LAKE WALES, FL- 33853","$353,333.00","$227,153.00","$353,333.00",273001898001001110
2026-07-01T04:20:16,NEW,2025CC001989000000,07/14/2026 10:00 AM ET,"333 JAMES CIR LAKE ALFRED, FL- 33850","$1,463.96","$266,307.00","$1,936.80",262804522752000250
2026-07-01T04:20:16,NEW,2025CA001981A000BA,07/15/2026 10:00 AM ET,"6241 FORESTWOOD DR W LAKELAND, FL- 33811","$214,390.47","$319,556.00","$214,390.47",232921141771001310
2026-07-01T04:20:16,NEW,2025CA002960A000BA,07/15/2026 10:00 AM ET,"19501 WEST COUNTRY CLUB DR 150 AVENTURA, FL- 33180","$1,020,747.88","$261,348.00","$9,263.57",Property
2026-07-01T04:20:16,NEW,2025CA004846A000BA,07/15/2026 10:00 AM ET,"1222 ROWELL ST AUBURNDALE, FL- 33823","$167,559.72","$121,451.00","$167,559.72",252818347000003108
2026-07-01T04:20:16,NEW,2023CA004371000000,07/16/2026 10:00 AM ET,"5615 HWY 98 N LAKELAND, FL- 33809","$344,560.53","$150,838.00","$344,560.53",232724008500000432
2026-07-01T04:20:16,NEW,2023CA006124000000,07/17/2026 10:00 AM ET,"17 ZINNIA LN E POINCIANA, FL- 34759","$10,651.65","$237,377.00","$10,651.65",282810935240830230
2026-07-01T04:20:16,NEW,2018CA001861000000,07/21/2026 10:00 AM ET,"309 MOUNTAIN DR BABSON PARK, FL- 33827","$186,131.04","$155,557.00","$186,131.04",283033955600030130
2026-07-01T04:20:16,NEW,2024CA001230000000,07/21/2026 10:00 AM ET,"226 ADAMS ST AUBURNDALE, FL- 33823","$93,255.65","$83,310.00","$93,255.65",252811335300001880
2026-07-01T04:20:16,NEW,2024CA003487000000,07/21/2026 10:00 AM ET,"569 KOALA DR POINCIANA, FL- 34759","$272,514.27","$215,887.00","$272,514.27",282724934010115170
2026-07-01T04:20:16,NEW,2025CA000327000000,07/21/2026 10:00 AM ET,"855 BRAYTON LN DAVENPORT, FL- 33897","$308,589.84","$269,506.00","$308,589.84",262511486253003130
2026-07-01T04:20:16,NEW,2025CA000874000000,07/21/2026 10:00 AM ET,"2035 HEMINGWAY AVE HAINES CITY, FL- 33844","$225,438.14","$330,938.00","$225,438.14",272720749001000700
2026-07-01T04:20:16,NEW,2025CA000919000000,07/21/2026 10:00 AM ET,"181 MANDOVI ST DAVENPORT, FL- 33837","$17,808.89","$227,500.00","$17,808.89",272629707043000190
2026-07-01T04:20:16,NEW,2025CA000975000000,07/21/2026 10:00 AM ET,"1389 BUCKEYE TRACE BLVD WINTER HAVEN, FL- 33881","$259,518.68","$218,462.00","$259,518.68",262822588321001070
2026-07-01T04:20:16,NEW,2025CA001574A000BA,07/21/2026 10:00 AM ET,"284 SCRIPPS RANCH RD POINCIANA, FL- 34759","$295,877.73","$255,073.00","$295,877.73",282722933914001900
2026-07-01T04:20:16,NEW,2025CA001942A000BA,07/21/2026 10:00 AM ET,"596 OGELTHORPE DR DAVENPORT, FL- 33897","$67,439.14","$289,880.00","$67,439.14",262536999934002610
2026-07-01T04:20:16,NEW,2025CA002090A000BA,07/21/2026 10:00 AM ET,"15 LINDA AVE FROSTPROOF, FL- 33843","$48,144.41","$38,348.00","$48,144.41",283129968000000150
2026-07-01T04:20:16,NEW,2024CA003096000000,07/23/2026 10:00 AM ET,"2318 MAPLE HILL DR LAKELAND, FL- 33811","$219,468.77","$287,273.00","$219,468.77",232910000000012160
2026-07-01T04:20:16,NEW,2025CA000810000000,07/23/2026 10:00 AM ET,"147 TRACY CIR HAINES CITY, FL- 33844","$279,352.33","$257,343.00","$279,352.33",272720749033000480
2026-07-01T04:20:16,NEW,2025CA001554A000BA,07/23/2026 10:00 AM ET,"205 HAMLET RD DAVENPORT, FL- 33837","$13,430.34","$271,901.00","$13,430.34",272632709508000080
2026-07-01T04:20:16,NEW,2025CA001993A000BA,07/23/2026 10:00 AM ET,"827 CHINOY RD DAVENPORT, FL- 33837","$390,578.65","$278,585.00","$390,578.65",272634710501000310
2026-07-01T04:20:16,NEW,2025CA005397A000BA,07/23/2026 10:00 AM ET,"133 SANDERLING DR HAINES CITY, FL- 33844","$303,710.62","$228,710.00","$303,710.62",282829935956000490
2026-07-01T04:20:16,NEW,2024CC006028000000,07/24/2026 10:00 AM ET,"232 AIDAN'S LNDG HAINES CITY, FL- 33844","$16,593.78","$338,486.00","$16,593.78",272732804507000660
2026-07-01T04:20:16,NEW,2025CA001747A000BA,07/24/2026 10:00 AM ET,"3942 LANA AVE DAVENPORT, FL- 33897","$36,700.30","$422,000.00","$36,700.30",262513998016006550
2026-07-01T04:20:16,NEW,2025CA002985A000BA,07/24/2026 10:00 AM ET,"3460 JULIUS ESTATES BLVD WINTER HAVEN, FL- 33881","$204,344.22","$240,327.00","$204,344.22",262810530501000150
2026-07-01T04:20:16,NEW,2025CA003346A000BA,07/24/2026 10:00 AM ET,"5557 ORO VALLEY RD AUBURNDALE, FL- 33823","$229,371.03","$222,618.00","$229,371.03",252709298384001090
2026-07-01T04:20:16,NEW,2025CA003431A000BA,07/24/2026 10:00 AM ET,"376 LAKE ELOISE POINTE DR WINTER HAVEN, FL- 33880","$165,011.16","$158,432.00","$165,011.16",262916689003000780
2026-07-01T04:20:16,NEW,2025CA004173A000BA,07/24/2026 10:00 AM ET,"507 8TH ST SE FORT MEADE, FL- 33841","$265,060.82","$158,634.00","$265,060.82",253134484600000080
2026-07-01T04:20:16,NEW,2025CA004403A000BA,07/24/2026 10:00 AM ET,"1064 PLANTATION LN DAVENPORT, FL- 33896","$417,681.61","$299,500.00","$417,681.61",272605701160001100
2026-07-01T04:20:16,NEW,2025CA004519A000BA,07/24/2026 10:00 AM ET,"2677 BUTTERCUP AVE LAKE HAMILTON, FL- 33851","$322,297.98","$228,495.00","$322,297.98",272810822212009410
2026-07-01T04:20:16,NEW,2025CC009089A000BA,07/24/2026 10:00 AM ET,"129 MINNIEHAHA CIR HAINES CITY, FL- 33845","$10,101.73","$304,907.00","$10,101.73",272717741010002150
2026-07-02T04:20:22,NEW,2025CA001128A000BA,07/27/2026 10:00 AM ET,"985 DUDLEY AVE S BARTOW, FL- 33830","$345,863.16","$237,447.00","$345,863.16",253007403000002100
2026-07-02T04:20:22,NEW,2025CA003323A000BA,07/27/2026 10:00 AM ET,"401 OXFORD DR DAVENPORT, FL- 33897",$0.00,"$320,138.00","$7,454.90",Property
2026-07-02T04:20:22,NEW,2025CA004391A000BA,07/27/2026 10:00 AM ET,"8257 PEAK AVE LAKELAND, FL- 33810",$0.00,"$248,030.00","$7,565.53",Property
2026-07-02T04:20:22,NEW,2025CC002881A000BA,07/27/2026 10:00 AM ET,"8654 RINDGE RD POLK CITY, FL- 33868","$10,262.74","$224,752.00","$10,262.74",252706298368000240
2026-07-03T04:20:37,NEW,2025CA003627A000BA,07/27/2026 10:00 AM ET,"2305 RIO GRANDE FOREST LN POINCIANA, FL- 34759","$145,818.26","$153,317.00","$145,818.26",282815935360112180
2026-07-03T04:20:37,NEW,2025CA004001A000BA,07/27/2026 10:00 AM ET,"401 OXFORD DR DAVENPORT, FL- 33897","$7,454.90","$320,138.00","$7,454.90",262524488063000540
2026-07-03T04:20:37,NEW,2025CC001746000000,07/27/2026 10:00 AM ET,"8257 PEAK AVE LAKELAND, FL- 33810","$7,565.53","$248,030.00","$7,565.53",232710000830000890
2026-07-03T04:20:37,NEW,2025CC003658A000BA,07/27/2026 10:00 AM ET,"528 AFFIRMED WAY DAVENPORT, FL- 33837","$8,543.85","$236,752.00","$8,543.85",272604701111001440
2026-07-03T04:20:37,NEW,2025CA000049000000,07/30/2026 10:00 AM ET,"920 LAKE COVE TRL LAKELAND, FL- 33813","$725,068.46","$487,159.00","$725,068.46",242918000000043040
2026-07-03T04:20:37,NEW,2025CA001123A000BA,07/30/2026 10:00 AM ET,"131 SONJA CIR DAVENPORT, FL- 33897","$327,609.38","$246,904.00","$327,609.38",262536488060000470
2026-07-03T04:20:37,NEW,2025CA003977A000BA,07/30/2026 10:00 AM ET,"5930 MISS HELEN RD HAINES CITY, FL- 33844","$113,808.64","$118,714.00","$113,808.64",272725000000011710
2026-07-03T04:20:37,NEW,2025CA004378A000BA,07/30/2026 10:00 AM ET,"1134 SECOND DR EAGLE LAKE, FL- 33839","$12,815.81","$273,814.00","$12,815.81",252912359052000510
2026-07-03T04:20:37,NEW,2023CA004913000000,07/31/2026 10:00 AM ET,"2087 RIO GRANDE CANYON LOOP POINCIANA, FL- 34759","$229,920.88","$264,223.00","$229,920.88",282815935360129150
2026-07-03T04:20:37,NEW,2024CA000129000000,07/31/2026 10:00 AM ET,"3077 BRENTON MANOR LOOP WINTER HAVEN, FL- 33884","$367,234.04","$262,031.00","$367,234.04",272806821502001330
2026-07-03T04:20:37,NEW,2025CA001990A000BA,07/31/2026 10:00 AM ET,"1580 LONGBOW DR LAKELAND, FL- 33810","$148,051.33","$138,340.00","$148,051.33",232726010010004510
2026-07-03T04:20:37,NEW,2025CA003538A000BA,07/31/2026 10:00 AM ET,"6203 COUNTRY CLUB DR F LAKE WALES, FL- 33898","$20,163.57","$111,500.00","$20,163.57",283005939211006230
2026-07-03T04:20:37,NEW,2025CA004564A000BA,07/31/2026 10:00 AM ET,"4817 MARK WAY BARTOW, FL- 33830","$306,207.93","$202,280.00","$306,207.93",252913359330000600
2026-07-03T04:20:37,NEW,2025CA004854A000BA,07/31/2026 10:00 AM ET,"339 DRUM CT POINCIANA, FL- 34759","$321,726.25","$252,614.00","$321,726.25",282802934710130220
2026-07-03T04:20:37,CLOSED,2022CA003270000000,07/02/2026 10:00 AM ET,"3105 SCENIC HWY S LAKE WALES, FL- 33898","$432,262.60","$331,812.00",Hidden,273024927072000030
2026-07-03T04:20:37,CLOSED,2024CA003897000000,07/02/2026 10:00 AM ET,"671 WATERFERN TRAIL DR AUBURNDALE, FL- 33823","$277,870.83","$165,000.00",Hidden,252736305501000210
2026-07-03T04:20:37,CLOSED,2025CA000682000000,07/02/2026 10:00 AM ET,"206 17TH ST W WINTER HAVEN, FL- 33880","$184,953.77","$239,422.00",Hidden,262920690000024701
2026-07-03T04:20:37,CLOSED,2025CA003332A000BA,07/02/2026 10:00 AM ET,"2190 GREENTREE CT BARTOW, FL- 33830","$193,136.77","$159,638.00",Hidden,253009426820000180
2026-07-03T04:20:37,CLOSED,2025CC010562A000BA,07/02/2026 10:00 AM ET,"516 DURANGO LOOP ST DAVENPORT, FL- 33897","$8,631.91","$89,895.00","$8,631.91",262523488058000390
2026-07-03T04:20:37,CLOSED,2024CA004737000000,07/10/2026 10:00 AM ET,"879 GRANDIN ST DAVENPORT, FL- 33837","$12,120.66","$164,165.00","$12,120.66",272629707041001280
2026-07-08T04:20:29,NEW,2025CA002350A000BA,07/21/2026 10:00 AM ET,"1631 LINZ CT WINTER HAVEN, FL- 33884","$273,876.66","$170,000.00","$273,876.66",262826592006001670
2026-07-08T04:20:29,NEW,2024CA002935000000,08/03/2026 10:00 AM ET,"1127 OLD POLK CITY RD LAKELAND, FL- 33809",$0.00,"$370,659.00","$339,191.79",Property
2026-07-08T04:20:29,NEW,2025CA003343A000BA,08/03/2026 10:00 AM ET,"156 EAGLEVIEW LOOP DAVENPORT, FL- 33837","$277,001.02","$250,658.00","$277,001.02",272631709003000140
2026-07-08T04:20:29,NEW,2025CA003355A000BA,08/03/2026 10:00 AM ET,"3101 ROYAL TERN DR WINTER HAVEN, FL- 33881","$293,954.94","$238,605.00","$293,954.94",262812531504000800
2026-07-08T04:20:29,NEW,2025CA003710A000BA,08/03/2026 10:00 AM ET,"2847 IVY LAKE CT LAKELAND, FL- 33811",$0.00,"$268,910.00","$346,708.83",Property
2026-07-08T04:20:29,NEW,2025CA004110A000BA,08/03/2026 10:00 AM ET,"7109 CRUZ CT LAKELAND, FL- 33813","$417,536.98","$289,135.00","$417,536.98",242930290812000280
2026-07-08T04:20:29,CLOSED,2024CA004334000000,07/07/2026 10:00 AM ET,"2433 EVERETT ST LAKELAND, FL- 33801","$56,349.70","$96,136.00",Hidden,242816187500041080
2026-07-08T04:20:29,CLOSED,2025CA000227000000,07/07/2026 10:00 AM ET,"4104 ORANGE AVE SE HIGHLAND CITY, FL- 33846","$248,881.75","$163,804.00",Hidden,242914283000060232
2026-07-08T04:20:29,CLOSED,2025CA000347000000,07/07/2026 10:00 AM ET,"1454 PARK PL HAINES CITY, FL- 33844","$443,118.14","$295,674.00",Hidden,272720749029000240
2026-07-08T04:20:29,CLOSED,2025CA000649000000,07/07/2026 10:00 AM ET,"926 CENTAURY DR POINCIANA, FL- 34759","$1,673,007.64","$181,593.00","$231,897.03",MULTIPLE
2026-07-08T04:20:29,CLOSED,2025CA001726A000BA,07/07/2026 10:00 AM ET,"5684 DORNICH DR AUBURNDALE, FL- 33823","$435,031.42","$316,319.00","$302,580.00",252709298383000210
2026-07-08T04:20:29,CLOSED,2025CA002846A000BA,07/07/2026 10:00 AM ET,"1073 SILAS ST HAINES CITY, FL- 33844","$416,262.74","$274,330.00","$191,400.00",272734810535000120
2026-07-08T04:20:29,CLOSED,2025CA003206A000BA,07/07/2026 10:00 AM ET,"3488 JADE LN MULBERRY, FL- 33860","$131,942.82","$109,253.00",Hidden,232934142460001740
2026-07-08T04:20:29,CLOSED,2025CA003687A000BA,07/07/2026 10:00 AM ET,"6604 WINTERSET GARDENS RD WINTER HAVEN, FL- 33884","$511,107.58","$360,697.00",Hidden,262914687800006241
2026-07-08T04:20:29,CLOSED,2025CA004400A000BA,07/07/2026 10:00 AM ET,"434 DIAMOND ACRES RD DAVENPORT, FL- 33837","$230,048.61","$228,329.00",Hidden,272706726500041401
2026-07-08T04:20:29,CLOSED,2024CA003504000000,07/10/2026 10:00 AM ET,"547 BIG SIOUX CT POINCIANA, FL- 34759","$309,259.18","$234,378.00","$309,259.18",282815935360023060
2026-07-08T04:20:29,CLOSED,2024CA003487000000,07/21/2026 10:00 AM ET,"569 KOALA DR POINCIANA, FL- 34759","$272,514.27","$215,887.00","$272,514.27",282724934010115170
2026-07-09T04:20:25,NEW,2025CA002526A000BA,08/03/2026 10:00 AM ET,"711 HEMENWAY DR NE WINTER HAVEN, FL- 33881","$212,370.90","$180,644.00","$212,370.90",262822588315000050
2026-07-09T04:20:25,NEW,2025CA003071A000BA,08/03/2026 10:00 AM ET,"315 VILLA SORRENTO CIR HAINES CITY, FL- 33844","$474,901.95","$359,380.00","$474,901.95",272717741007000080
2026-07-09T04:20:25,NEW,2025CA003171A000BA,08/03/2026 10:00 AM ET,"1127 OLD POLK CITY RD LAKELAND, FL- 33809",$0.00,"$370,659.00","$339,191.79",Property
2026-07-09T04:20:25,NEW,2025CA002293A000BA,08/04/2026 10:00 AM ET,"255 HAMPTON LOOP DAVENPORT, FL- 33837","$1,037,388.00","$649,131.00","$1,037,388.00",282619932943000590
2026-07-09T04:20:25,NEW,2025CC006817A000BA,08/04/2026 10:00 AM ET,"537 NICKEN GRV DAVENPORT, FL- 33837","$8,424.80","$271,582.00","$8,424.80",272631709003000730
2026-07-09T04:20:25,NEW,2025CC009993A000BA,08/04/2026 10:00 AM ET,"8744 MICMAC CT POLK CITY, FL- 33868","$11,244.07","$271,491.00","$11,244.07",252706298369000390
2026-07-09T04:20:25,NEW,2025CA004044A000BA,08/05/2026 10:00 AM ET,"1447 BERRY LN DAVENPORT, FL- 33837","$414,876.69","$307,747.00","$414,876.69",272703721523001600
2026-07-09T04:20:25,NEW,2024CA003897000000,08/06/2026 10:00 AM ET,"671 WATERFERN TRAIL DR AUBURNDALE, FL- 33823","$277,870.83","$165,000.00","$277,870.83",252736305501000210
2026-07-09T04:20:25,NEW,2024CC001353000000,08/06/2026 10:00 AM ET,"6575 LAKE CLARK DR LAKELAND, FL- 33813","$11,786.01","$280,236.00","$11,786.01",232924141891000410
2026-07-09T04:20:25,NEW,2025CA003047A000BA,08/06/2026 10:00 AM ET,"10401 STEVEN DR POLK CITY, FL- 33868","$90,201.49","$56,161.00","$90,201.49",252630295370000170
2026-07-09T04:20:25,NEW,2025CA003154A000BA,08/07/2026 10:00 AM ET,"2055 FLORAL AVE S LOT 201 BARTOW, FL- 33830","$165,031.55","$107,829.00","$165,031.55",253018429920002010
2026-07-09T04:20:25,CLOSED,2025CA002154A000BA,07/08/2026 10:00 AM ET,"585 RIDGE AVE N LAKE ALFRED, FL- 33850","$396,637.53","$181,743.00",Hidden,262732513620005010
2026-07-09T04:20:25,CLOSED,2026CC000781A000BA,07/08/2026 10:00 AM ET,"5396 DORNICH DR AUBURNDALE, FL- 33823","$6,095.17","$217,912.00",Hidden,252709298381000820
2026-07-10T04:20:20,NEW,2025CA003316A000BA,08/03/2026 10:00 AM ET,"1127 OLD POLK CITY RD LAKELAND, FL- 33809","$339,191.79","$370,659.00","$339,191.79",242708160990000760
2026-07-10T04:20:20,NEW,2025CA003801A000BA,08/03/2026 10:00 AM ET,"2847 IVY LAKE CT LAKELAND, FL- 33811","$346,708.83","$268,910.00","$346,708.83",232827138001000170
2026-07-10T04:20:20,NEW,2025CC002148000000,08/07/2026 10:00 AM ET,"1316 WALKER CIR E LAKELAND, FL- 33805","$18,418.30","$193,610.00","$18,418.30",242720161600000148
2026-07-10T04:20:20,CLOSED,2025CA004102A000BA,07/09/2026 10:00 AM ET,"204 4TH ST WINTER HAVEN, FL- 33880","$145,284.28","$132,628.00",Hidden,252826354700000190
2026-07-10T04:20:20,CLOSED,2024CA004837000000,07/10/2026 10:00 AM ET,"818 LAKE MARTHA DR NE WINTER HAVEN, FL- 33881","$73,656.14","$195,831.00","$73,656.14",262821573500003021
2026-07-13T04:20:14,CLOSED,2024CA000256000000,07/10/2026 10:00 AM ET,"240 WESTWOOD AVE WINTER HAVEN, FL- 33880","$182,951.37","$21,878.00",Hidden,252824348000001110
2026-07-13T04:20:14,CLOSED,2024CA001064000000,07/10/2026 10:00 AM ET,"10931 PATHFINDER TRL LAKELAND, FL- 33809","$271,933.97","$185,141.00",Hidden,232625000580000280
2026-07-13T04:20:14,CLOSED,2024CA002051000000,07/10/2026 10:00 AM ET,"110 WINONA AVE S LAKE ALFRED, FL- 33850","$82,437.38","$50,855.00","$82,437.38",262732503000029021
2026-07-13T04:20:14,CLOSED,2025CA001413A000BA,07/10/2026 10:00 AM ET,"3807 WHITE OAK CT LAKE WALES, FL- 33898","$263,865.02","$255,399.00","$263,865.02",282933937780002111
2026-07-13T04:20:14,CLOSED,2025CA004299A000BA,07/10/2026 10:00 AM ET,"3795 LEVINS RD MULBERRY, FL- 33860","$271,019.30","$223,086.00","$175,740.00",232933000000032280
2026-07-13T04:20:14,CLOSED,2019CA000976000000,07/13/2026 10:00 AM ET,"2050 CHARLESTON LN BARTOW, FL- 33830","$352,260.79","$321,112.00","$352,260.79",242936292207000610
2026-07-13T04:20:14,CLOSED,2024CA003096000000,07/23/2026 10:00 AM ET,"2318 MAPLE HILL DR LAKELAND, FL- 33811","$219,468.77","$287,273.00","$219,468.77",232910000000012160
2026-07-13T04:20:14,CLOSED,2025CC002881A000BA,07/27/2026 10:00 AM ET,"8654 RINDGE RD POLK CITY, FL- 33868","$10,262.74","$224,752.00","$10,262.74",252706298368000240
2026-07-15T04:20:06,CLOSED,2025CA001180A000BA,07/14/2026 10:00 AM ET,"56 BUCK CIR HAINES CITY, FL- 33844","$233,782.80","$169,000.00",Hidden,282829935954000260
2026-07-15T04:20:06,CLOSED,2025CA001788A000BA,07/14/2026 10:00 AM ET,"842 OSCEOLA AVE LAKE WALES, FL- 33853","$353,333.00","$227,153.00",Hidden,273001898001001110
2026-07-15T04:20:06,CLOSED,2025CC001989000000,07/14/2026 10:00 AM ET,"333 JAMES CIR LAKE ALFRED, FL- 33850","$1,463.96","$266,307.00","$1,936.80",262804522752000250
2026-07-15T04:20:06,CLOSED,2025CA003627A000BA,07/27/2026 10:00 AM ET,"2305 RIO GRANDE FOREST LN POINCIANA, FL- 34759","$145,818.26","$153,317.00","$145,818.26",282815935360112180
2026-07-16T04:20:08,NEW,2025CA002451A000BA,07/21/2026 10:00 AM ET,"2881 ST GEORGE DR DAVENPORT, FL- 33837","$261,047.87","$132,803.00","$261,047.87",272617704405021820
2026-07-16T04:20:08,CLOSED,2025CA001981A000BA,07/15/2026 10:00 AM ET,"6241 FORESTWOOD DR W LAKELAND, FL- 33811","$214,390.47","$319,556.00","$214,390.47",232921141771001310
2026-07-16T04:20:08,CLOSED,2025CA002960A000BA,07/15/2026 10:00 AM ET,"19501 WEST COUNTRY CLUB DR 150 AVENTURA, FL- 33180","$1,020,747.88","$261,348.00","$9,263.57",Property
2026-07-16T04:20:08,CLOSED,2025CA004846A000BA,07/15/2026 10:00 AM ET,"1222 ROWELL ST AUBURNDALE, FL- 33823","$167,559.72","$121,451.00","$71,910.00",252818347000003108
2026-07-16T04:20:08,CLOSED,2023CA004371000000,07/16/2026 10:00 AM ET,"5615 HWY 98 N LAKELAND, FL- 33809","$344,560.53","$150,838.00","$375,447.96",232724008500000432
2026-07-16T04:20:08,CLOSED,2025CA002090A000BA,07/21/2026 10:00 AM ET,"15 LINDA AVE FROSTPROOF, FL- 33843","$48,144.41","$38,348.00","$48,144.41",283129968000000150
2026-07-16T04:20:08,CLOSED,2025CA005397A000BA,07/23/2026 10:00 AM ET,"133 SANDERLING DR HAINES CITY, FL- 33844","$303,710.62","$228,710.00","$303,710.62",282829935956000490
2026-07-16T04:20:08,CLOSED,2025CA001128A000BA,07/27/2026 10:00 AM ET,"985 DUDLEY AVE S BARTOW, FL- 33830","$345,863.16","$237,447.00","$345,863.16",253007403000002100
2026-07-17T04:20:13,NEW,2025CC011530A000BA,07/31/2026 10:00 AM ET,"1130 N LAKE PARKER AVE APT C12 LAKELAND, FL- 33805","$15,756.40","$115,000.00","$15,756.40",242807174010031260
2026-07-17T04:20:13,NEW,2023CA006656000000,08/11/2026 10:00 AM ET,"661 BEAR CT POINCIANA, FL- 34759","$22,293.20","$98,202.00","$22,293.20",282724934010134140
2026-07-17T04:20:13,NEW,2023CA006717000000,08/11/2026 10:00 AM ET,"1368 BRAMBLEWOOD DR LAKELAND, FL- 33811",$0.00,"$184,335.00","$137,499.35",Property
2026-07-17T04:20:13,NEW,2024CA003850000000,08/11/2026 10:00 AM ET,"649 GARBERIA DR DAVENPORT, FL- 33837","$217,572.97","$187,448.00","$217,572.97",272706726504001490
2026-07-17T04:20:13,NEW,2025CA000935000000,08/11/2026 10:00 AM ET,"1921 SYLVESTER RD LAKELAND, FL- 33803","$245,921.52","$226,686.00","$245,921.52",242829249800001030
2026-07-17T04:20:13,NEW,2025CA001864A000BA,08/11/2026 10:00 AM ET,"4914 SHADYGLEN DR LAKELAND, FL- 33810","$105,848.64","$165,446.00","$105,848.64",232728011011000300
2026-07-17T04:20:13,NEW,2025CA002348A000BA,08/11/2026 10:00 AM ET,"2530 BLUE BREAM DR LAKE WALES, FL- 33898","$297,075.94","$166,414.00","$297,075.94",282908000000043050
2026-07-17T04:20:13,NEW,2025CA003272A000BA,08/11/2026 10:00 AM ET,"215 SANTA ROSA DR WINTER HAVEN, FL- 33884","$197,207.37","$230,281.00","$197,207.37",262835662926000680
2026-07-17T04:20:13,NEW,2025CA003489A000BA,08/11/2026 10:00 AM ET,"1871 AMBER SWEET CIR DUNDEE, FL- 33838","$215,202.87","$221,580.00","$215,202.87",272827835826002060
2026-07-17T04:20:13,NEW,2025CA003979A000BA,08/11/2026 10:00 AM ET,"6814 GLENBROOK DR LAKELAND, FL- 33811","$157,742.92","$193,755.00","$157,742.92",232922141794000440
2026-07-17T04:20:13,CLOSED,2025CA001993A000BA,07/23/2026 10:00 AM ET,"827 CHINOY RD DAVENPORT, FL- 33837","$390,578.65","$278,585.00","$390,578.65",272634710501000310
2026-07-20T04:20:06,NEW,2024CA001420000000,08/11/2026 10:00 AM ET,"1368 BRAMBLEWOOD DR LAKELAND, FL- 33811","$137,499.35","$184,335.00","$137,499.35",232911139764001760
2026-07-20T04:20:06,NEW,2025CC010562A000BA,08/13/2026 10:00 AM ET,"516 DURANGO LOOP ST DAVENPORT, FL- 33897","$8,631.91","$89,895.00","$8,631.91",262523488058000390
2026-07-20T04:20:06,NEW,2024CA003851000000,08/14/2026 10:00 AM ET,"2742 WILLINGAM DR DAVENPORT, FL- 33837","$770,662.81","$552,422.00","$770,662.81",282618932901020930
2026-07-20T04:20:06,NEW,2025CA003411A000BA,08/14/2026 10:00 AM ET,"7053 FLORA WAY LAKE WALES, FL- 33898","$247,961.23","$171,901.00","$247,961.23",282833936200000920
2026-07-20T04:20:06,CLOSED,2023CA006124000000,07/17/2026 10:00 AM ET,"17 ZINNIA LN E POINCIANA, FL- 34759","$10,651.65","$237,377.00","$13,585.90",282810935240830230
2026-07-21T04:20:08,NEW,2025CA002784A000BA,07/21/2026 10:00 AM ET,"367 CITRUS RIDGE DR DAVENPORT, FL- 33837","$38,769.52","$58,852.00",Hidden,272620706002003670
2026-07-21T04:20:08,NEW,2025CA002981A000BA,07/21/2026 10:00 AM ET,"119 KENNY BLVD HAINES CITY, FL- 33844","$249,586.78","$179,000.00","$249,586.78",272732804507000080
2026-07-21T04:20:08,CLOSED,2024CA001230000000,07/21/2026 10:00 AM ET,"226 ADAMS ST AUBURNDALE, FL- 33823","$93,255.65","$83,310.00","$94,298.59",252811335300001880
2026-07-21T04:20:08,CLOSED,2025CA001574A000BA,07/21/2026 10:00 AM ET,"284 SCRIPPS RANCH RD POINCIANA, FL- 34759","$295,877.73","$255,073.00","$295,877.73",282722933914001900
2026-07-22T04:20:07,CLOSED,2018CA001861000000,07/21/2026 10:00 AM ET,"309 MOUNTAIN DR BABSON PARK, FL- 33827","$186,131.04","$155,557.00",Hidden,283033955600030130
2026-07-22T04:20:07,CLOSED,2025CA000327000000,07/21/2026 10:00 AM ET,"855 BRAYTON LN DAVENPORT, FL- 33897","$308,589.84","$269,506.00",Hidden,262511486253003130
2026-07-22T04:20:07,CLOSED,2025CA000874000000,07/21/2026 10:00 AM ET,"2035 HEMINGWAY AVE HAINES CITY, FL- 33844","$225,438.14","$330,938.00","$225,438.14",272720749001000700
2026-07-22T04:20:07,CLOSED,2025CA000919000000,07/21/2026 10:00 AM ET,"181 MANDOVI ST DAVENPORT, FL- 33837","$17,808.89","$227,500.00","$17,808.89",272629707043000190
2026-07-22T04:20:07,CLOSED,2025CA000975000000,07/21/2026 10:00 AM ET,"1389 BUCKEYE TRACE BLVD WINTER HAVEN, FL- 33881","$259,518.68","$218,462.00",Hidden,262822588321001070
2026-07-22T04:20:07,CLOSED,2025CA001942A000BA,07/21/2026 10:00 AM ET,"596 OGELTHORPE DR DAVENPORT, FL- 33897","$67,439.14","$289,880.00","$69,038.89",262536999934002610
2026-07-22T04:20:07,CLOSED,2025CA002350A000BA,07/21/2026 10:00 AM ET,"1631 LINZ CT WINTER HAVEN, FL- 33884","$273,876.66","$170,000.00",Hidden,262826592006001670
2026-07-22T04:20:07,CLOSED,2025CA002451A000BA,07/21/2026 10:00 AM ET,"2881 ST GEORGE DR DAVENPORT, FL- 33837","$261,047.87","$132,803.00",Hidden,272617704405021820
2026-07-22T04:20:07,CLOSED,2025CA002784A000BA,07/21/2026 10:00 AM ET,"367 CITRUS RIDGE DR DAVENPORT, FL- 33837","$38,769.52","$58,852.00",Hidden,272620706002003670
2026-07-22T04:20:07,CLOSED,2025CA002981A000BA,07/21/2026 10:00 AM ET,"119 KENNY BLVD HAINES CITY, FL- 33844","$249,586.78","$179,000.00","$249,586.78",272732804507000080
2026-07-24T04:19:58,NEW,2023CA005403000000,08/17/2026 10:00 AM ET,"4957 SHORE LINE DR POLK CITY, FL- 33868","$87,487.41","$149,071.00","$87,487.41",252706298362000340
2026-07-24T04:19:58,NEW,2024CA003089000000,08/17/2026 10:00 AM ET,"1525 MATTIE POINTE PL AUBURNDALE, FL- 33823","$388,975.04","$291,717.00","$388,975.04",252723300012001070
2026-07-24T04:19:58,NEW,2021CA001661000000,08/18/2026 10:00 AM ET,"502 CANAL DR LAKE WALES, FL- 33859","$187,070.64","$288,043.00","$187,070.64",273035928400022050
2026-07-24T04:19:58,NEW,2025CA002306A000BA,08/18/2026 10:00 AM ET,"105 REBECCA DR WINTER HAVEN, FL- 33881","$191,150.29","$56,153.00","$191,150.29",262822588313000280
2026-07-24T04:19:58,NEW,2025CC006624A000BA,08/18/2026 10:00 AM ET,"342 CREEKWOOD RUN LAKELAND, FL- 33809","$9,259.97","$159,113.00","$9,259.97",232625000580001360
2026-07-24T04:19:58,NEW,2025CC009183A000BA,08/18/2026 10:00 AM ET,"6727 MOSSY OAK LN LAKELAND, FL- 33810","$5,391.30","$297,141.00","$5,391.30",232717001102000440
2026-07-24T04:19:58,NEW,2024CA001566000000,08/19/2026 10:00 AM ET,"1538 COUNTRY RIDGE DR LAKELAND, FL- 33801","$218,451.42","$222,472.00","$218,451.42",242810178710000100
2026-07-24T04:19:58,NEW,2025CA004121A000BA,08/19/2026 10:00 AM ET,"225 GOLDENROD LN POINCIANA, FL- 34759",$0.00,"$268,158.00","$402,731.66",Property
2026-07-24T04:19:58,CLOSED,2025CA000810000000,07/23/2026 10:00 AM ET,"147 TRACY CIR HAINES CITY, FL- 33844","$279,352.33","$257,343.00","$279,352.33",272720749033000480
2026-07-24T04:19:58,CLOSED,2025CA001554A000BA,07/23/2026 10:00 AM ET,"205 HAMLET RD DAVENPORT, FL- 33837","$13,430.34","$271,901.00","$13,430.34",272632709508000080
2026-07-24T04:19:58,CLOSED,2025CA004391A000BA,07/27/2026 10:00 AM ET,"4036 COLLEGIATE BLVD LAKELAND, FL- 33803","$319,593.24","$221,000.00","$319,593.24",242902272001000160
2026-07-27T04:20:27,NEW,2025CA005403A000BA,08/19/2026 10:00 AM ET,"225 GOLDENROD LN POINCIANA, FL- 34759","$402,731.66","$268,158.00","$402,731.66",282810935240816320
2026-07-27T04:20:27,NEW,2025CC006136A000BA,08/19/2026 10:00 AM ET,"361 SINGING SANDS CIR LAKE WALES, FL- 33859","$10,482.73","$256,034.00","$10,482.73",272915864507000700
2026-07-27T04:20:27,NEW,2023CA006434000000,08/20/2026 10:00 AM ET,"550 SEARS AVE NE WINTER HAVEN, FL- 33881","$367,092.50","$288,341.00","$367,092.50",262816538000000300
2026-07-27T04:20:27,NEW,2024CA003501000000,08/20/2026 10:00 AM ET,"216 MAPLE DR POINCIANA, FL- 34759","$202,028.84","$233,546.00","$202,028.84",282810935240840170
2026-07-27T04:20:27,NEW,2025CA000264000000,08/20/2026 10:00 AM ET,"2187 MANDARIN LOOP DUNDEE, FL- 33838","$277,160.35","$223,450.00","$277,160.35",272827835826002690
2026-07-27T04:20:27,NEW,2025CA003995A000BA,08/20/2026 10:00 AM ET,"474 ANNABELLE WAY DAVENPORT, FL- 33837","$271,984.97","$270,500.00","$271,984.97",272614704141003890
2026-07-27T04:20:27,NEW,2023CA005624000000,08/21/2026 10:00 AM ET,"9939 QUINN RD POLK CITY, FL- 33868","$29,505.09","$91,176.00","$29,505.09",252631000000032050
2026-07-27T04:20:27,NEW,2023CA006124000000,08/21/2026 10:00 AM ET,"17 ZINNIA LN E POINCIANA, FL- 34759","$10,651.65","$237,377.00","$10,651.65",282810935240830230
2026-07-27T04:20:27,NEW,2025CA002131A000BA,08/21/2026 10:00 AM ET,"4 SUGAR PINE LOOP LAKE WALES, FL- 33898","$164,692.34","$134,902.00","$164,692.34",293017992700000040
2026-07-27T04:20:27,NEW,2025CA002845A000BA,08/21/2026 10:00 AM ET,"415 RENEE DR HAINES CITY, FL- 33844","$370,928.04","$231,064.00","$370,928.04",272729790801000170
2026-07-27T04:20:27,NEW,2025CA003345A000BA,08/21/2026 10:00 AM ET,"1123 WALNUT ST W LAKELAND, FL- 33815","$179,799.01","$243,968.00","$179,799.01",232824113000008160
2026-07-27T04:20:27,NEW,2025CA004245A000BA,08/21/2026 10:00 AM ET,"419 8TH ST HAINES CITY, FL- 33844","$184,846.44","$216,216.00","$184,846.44",272729788000000350
2026-07-27T04:20:27,NEW,2025CA004310A000BA,08/21/2026 10:00 AM ET,"100 EL CAMINO DR APT 102 WINTER HAVEN, FL- 33884","$93,656.01","$100,500.00",Hidden,262835662510001020
2026-07-27T04:20:27,NEW,2025CC000410000000,08/21/2026 10:00 AM ET,"1072 BROOKLET DR DAVENPORT, FL- 33837",$0.00,"$324,040.00","$7,615.55",Property
2026-07-27T04:20:27,CLOSED,2024CC006028000000,07/24/2026 10:00 AM ET,"232 AIDAN'S LNDG HAINES CITY, FL- 33844","$16,593.78","$338,486.00","$16,593.78",272732804507000660
2026-07-27T04:20:27,CLOSED,2025CA001747A000BA,07/24/2026 10:00 AM ET,"3942 LANA AVE DAVENPORT, FL- 33897","$36,700.30","$422,000.00","$36,700.30",262513998016006550
2026-07-27T04:20:27,CLOSED,2025CA002985A000BA,07/24/2026 10:00 AM ET,"3460 JULIUS ESTATES BLVD WINTER HAVEN, FL- 33881","$204,344.22","$240,327.00",Hidden,262810530501000150
2026-07-27T04:20:27,CLOSED,2025CA003346A000BA,07/24/2026 10:00 AM ET,"5557 ORO VALLEY RD AUBURNDALE, FL- 33823","$229,371.03","$222,618.00",Hidden,252709298384001090
2026-07-27T04:20:27,CLOSED,2025CA003431A000BA,07/24/2026 10:00 AM ET,"376 LAKE ELOISE POINTE DR WINTER HAVEN, FL- 33880","$165,011.16","$158,432.00","$153,120.00",262916689003000780
2026-07-27T04:20:27,CLOSED,2025CA004173A000BA,07/24/2026 10:00 AM ET,"507 8TH ST SE FORT MEADE, FL- 33841","$265,060.82","$158,634.00",Hidden,253134484600000080
2026-07-27T04:20:27,CLOSED,2025CA004403A000BA,07/24/2026 10:00 AM ET,"1064 PLANTATION LN DAVENPORT, FL- 33896","$417,681.61","$299,500.00","$420,894.61",272605701160001100
2026-07-27T04:20:27,CLOSED,2025CA004519A000BA,07/24/2026 10:00 AM ET,"2677 BUTTERCUP AVE LAKE HAMILTON, FL- 33851","$322,297.98","$228,495.00",Hidden,272810822212009410
2026-07-27T04:20:27,CLOSED,2025CC009089A000BA,07/24/2026 10:00 AM ET,"129 MINNIEHAHA CIR HAINES CITY, FL- 33845","$10,101.73","$304,907.00","$10,101.73",272717741010002150
2026-07-27T04:20:27,CLOSED,2025CC001746000000,07/27/2026 10:00 AM ET,"8257 PEAK AVE LAKELAND, FL- 33810","$7,565.53","$248,030.00","$7,565.53",232710000830000890
2026-07-27T04:20:27,CLOSED,2025CA004854A000BA,07/31/2026 10:00 AM ET,"339 DRUM CT POINCIANA, FL- 34759","$321,726.25","$252,614.00","$321,726.25",282802934710130220
2026-07-28T04:20:19,CLOSED,2025CA003323A000BA,07/27/2026 10:00 AM ET,"202 AVENUE P NE WINTER HAVEN, FL- 33881","$177,987.62","$153,308.00","$177,987.62",262821580100000360
2026-07-28T04:20:19,CLOSED,2025CA004001A000BA,07/27/2026 10:00 AM ET,"401 OXFORD DR DAVENPORT, FL- 33897","$7,454.90","$320,138.00","$7,963.41",262524488063000540
2026-07-28T04:20:19,CLOSED,2025CC003658A000BA,07/27/2026 10:00 AM ET,"528 AFFIRMED WAY DAVENPORT, FL- 33837","$8,543.85","$236,752.00","$8,543.85",272604701111001440
2026-07-29T04:20:19,CLOSED,2025CA004378A000BA,07/30/2026 10:00 AM ET,"1134 SECOND DR EAGLE LAKE, FL- 33839","$12,815.81","$273,814.00","$12,815.81",252912359052000510
2026-07-31T04:20:18,CLOSED,2025CA000049000000,07/30/2026 10:00 AM ET,"920 LAKE COVE TRL LAKELAND, FL- 33813","$725,068.46","$487,159.00","$560,000.00",242918000000043040
2026-07-31T04:20:18,CLOSED,2025CA001123A000BA,07/30/2026 10:00 AM ET,"131 SONJA CIR DAVENPORT, FL- 33897","$327,609.38","$246,904.00","$327,609.38",262536488060000470
2026-07-31T04:20:18,CLOSED,2025CA003977A000BA,07/30/2026 10:00 AM ET,"5930 MISS HELEN RD HAINES CITY, FL- 33844","$113,808.64","$118,714.00","$114,966.21",272725000000011710
2026-08-03T04:20:24,NEW,2025CA004238A000BA,08/03/2026 10:00 AM ET,"393 DAWES RD FROSTPROOF, FL- 33843","$88,949.78","$17,355.00","$89,896.00",273203932512020470
2026-08-03T04:20:24,NEW,2025CC011015A000BA,08/21/2026 10:00 AM ET,"2589 SUNDANCE CIR MULBERRY, FL- 33860","$5,893.72","$279,791.00","$5,893.72",232927142044000520
2026-08-03T04:20:24,NEW,2022CA002898000000,08/25/2026 10:00 AM ET,"8140 TOM COSTINE RD LAKELAND, FL- 33809","$109,555.44","$40,604.00","$109,555.44",242707000000043130
2026-08-03T04:20:24,NEW,2023CA000440000000,08/25/2026 10:00 AM ET,"1404 HILLSBOROUGH WAY POINCIANA, FL- 34759","$244,011.82","$205,358.00","$244,011.82",282733934460414130
2026-08-03T04:20:24,NEW,2024CA001934000000,08/25/2026 10:00 AM ET,"6307 CHAROLAIS DR LAKELAND, FL- 33810","$117,954.35","$181,252.00","$117,954.35",232723000000014290
2026-08-03T04:20:24,NEW,2024CA003420000000,08/25/2026 10:00 AM ET,"701 HIGHLAND CREST LOOP LAKE WALES, FL- 33853","$100,619.49","$196,746.00","$100,619.49",272936880209000270
2026-08-03T04:20:24,NEW,2024CA003685000000,08/25/2026 10:00 AM ET,"79 ORCHID CT POINCIANA, FL- 34759","$13,485.78","$244,197.00","$13,485.78",282810935240846220
2026-08-03T04:20:24,NEW,2025CA000651000000,08/25/2026 10:00 AM ET,"56 BUCK CIR HAINES CITY, FL- 33844",$0.00,"$169,000.00","$233,782.80",Property
2026-08-03T04:20:24,NEW,2025CA002693A000BA,08/25/2026 10:00 AM ET,"1436 EAGLE CREST BLVD WINTER HAVEN, FL- 33881","$12,109.40","$249,430.00","$12,109.40",262822588322002390
2026-08-03T04:20:24,NEW,2025CA003110A000BA,08/25/2026 10:00 AM ET,"129 CLOVERBROOK TRL DAVENPORT, FL- 33837","$169,509.55","$311,882.00","$169,509.55",272711737502000230
2026-08-03T04:20:24,NEW,2025CA003627A000BA,08/25/2026 10:00 AM ET,"2305 RIO GRANDE FOREST LN POINCIANA, FL- 34759","$145,818.26","$153,317.00","$145,818.26",282815935360112180
2026-08-03T04:20:24,NEW,2025CA000918000000,08/26/2026 10:00 AM ET,"6276 RED HERRING DR WINTER HAVEN, FL- 33881","$240,530.17","$173,284.00","$240,530.17",262811531001003070
2026-08-03T04:20:24,NEW,2025CA001230A000BA,08/27/2026 10:00 AM ET,"3249 ROYAL TERN DR WINTER HAVEN, FL- 33881","$343,513.56","$234,653.00","$343,513.56",262812531504000470
2026-08-03T04:20:24,NEW,2025CA003294A000BA,08/27/2026 10:00 AM ET,"12 LAKEVIEW DR N HAINES CITY, FL- 33844","$423,893.27","$441,420.00","$423,893.27",292819000000014120
2026-08-03T04:20:24,NEW,2022CA003801000000,08/28/2026 10:00 AM ET,"39 QUEENS CT FROSTPROOF, FL- 33843","$89,559.02","$116,699.00","$89,559.02",283206984900000390
2026-08-03T04:20:24,CLOSED,2023CA004913000000,07/31/2026 10:00 AM ET,"2087 RIO GRANDE CANYON LOOP POINCIANA, FL- 34759","$229,920.88","$264,223.00","$207,900.00",282815935360129150
2026-08-03T04:20:24,CLOSED,2024CA000129000000,07/31/2026 10:00 AM ET,"3077 BRENTON MANOR LOOP WINTER HAVEN, FL- 33884","$367,234.04","$262,031.00","$109,740.00",272806821502001330
2026-08-03T04:20:24,CLOSED,2025CA001990A000BA,07/31/2026 10:00 AM ET,"1580 LONGBOW DR LAKELAND, FL- 33810","$148,051.33","$138,340.00",Hidden,232726010010004510
2026-08-03T04:20:24,CLOSED,2025CA003538A000BA,07/31/2026 10:00 AM ET,"6203 COUNTRY CLUB DR F LAKE WALES, FL- 33898","$20,163.57","$111,500.00","$15,000.00",283005939211006230
2026-08-03T04:20:24,CLOSED,2025CA004564A000BA,07/31/2026 10:00 AM ET,"4817 MARK WAY BARTOW, FL- 33830","$306,207.93","$202,280.00","$306,207.93",252913359330000600
2026-08-03T04:20:24,CLOSED,2025CC011530A000BA,07/31/2026 10:00 AM ET,"1130 N LAKE PARKER AVE APT C12 LAKELAND, FL- 33805","$15,756.40","$115,000.00","$17,611.30",242807174010031260
2026-08-03T04:20:24,CLOSED,2025CA002526A000BA,08/03/2026 10:00 AM ET,"711 HEMENWAY DR NE WINTER HAVEN, FL- 33881","$212,370.90","$180,644.00","$212,370.90",262822588315000050
2026-08-03T04:20:24,CLOSED,2024CA003897000000,08/06/2026 10:00 AM ET,"671 WATERFERN TRAIL DR AUBURNDALE, FL- 33823","$277,870.83","$165,000.00","$277,870.83",252736305501000210
2026-08-04T04:20:23,CLOSED,2024CA002935000000,08/03/2026 10:00 AM ET,"205 KETTERING RD DAVENPORT, FL- 33897","$530,248.32","$389,496.00",Hidden,262511486251002100
2026-08-04T04:20:23,CLOSED,2025CA003071A000BA,08/03/2026 10:00 AM ET,"315 VILLA SORRENTO CIR HAINES CITY, FL- 33844","$474,901.95","$359,380.00",Hidden,272717741007000080
2026-08-04T04:20:23,CLOSED,2025CA003171A000BA,08/03/2026 10:00 AM ET,"1150 FORESHORE LN HAINES CITY, FL- 33844","$394,072.40","$279,052.00",Hidden,272726758514017390
2026-08-04T04:20:23,CLOSED,2025CA003316A000BA,08/03/2026 10:00 AM ET,"1127 OLD POLK CITY RD LAKELAND, FL- 33809","$339,191.79","$370,659.00",Hidden,242708160990000760
2026-08-04T04:20:23,CLOSED,2025CA003343A000BA,08/03/2026 10:00 AM ET,"156 EAGLEVIEW LOOP DAVENPORT, FL- 33837","$277,001.02","$250,658.00","$247,948.00",272631709003000140
2026-08-04T04:20:23,CLOSED,2025CA003355A000BA,08/03/2026 10:00 AM ET,"3101 ROYAL TERN DR WINTER HAVEN, FL- 33881","$293,954.94","$238,605.00",Hidden,262812531504000800
2026-08-04T04:20:23,CLOSED,2025CA003710A000BA,08/03/2026 10:00 AM ET,"395 SAN JOSE DR WINTER HAVEN, FL- 33884","$134,422.19","$86,825.00",Hidden,262836000000031480
2026-08-04T04:20:23,CLOSED,2025CA003801A000BA,08/03/2026 10:00 AM ET,"2847 IVY LAKE CT LAKELAND, FL- 33811","$346,708.83","$268,910.00","$182,160.00",232827138001000170
2026-08-04T04:20:23,CLOSED,2025CA004110A000BA,08/03/2026 10:00 AM ET,"7109 CRUZ CT LAKELAND, FL- 33813","$417,536.98","$289,135.00",Hidden,242930290812000280
2026-08-04T04:20:23,CLOSED,2025CA004238A000BA,08/03/2026 10:00 AM ET,"393 DAWES RD FROSTPROOF, FL- 33843","$88,949.78","$17,355.00","$89,896.00",273203932512020470
2026-08-05T04:20:28,CLOSED,2025CA002293A000BA,08/04/2026 10:00 AM ET,"255 HAMPTON LOOP DAVENPORT, FL- 33837","$1,037,388.00","$649,131.00","$899,000.00",282619932943000590
2026-08-05T04:20:28,CLOSED,2025CC006817A000BA,08/04/2026 10:00 AM ET,"537 NICKEN GRV DAVENPORT, FL- 33837","$8,424.80","$271,582.00","$8,713.68",272631709003000730
2026-08-05T04:20:28,CLOSED,2025CC009993A000BA,08/04/2026 10:00 AM ET,"8744 MICMAC CT POLK CITY, FL- 33868","$11,244.07","$271,491.00","$11,244.07",252706298369000390
2026-08-06T04:20:15,NEW,2025CA004578A000BA,08/11/2026 10:00 AM ET,"144 HAMPTON LOOP DAVENPORT, FL- 33837","$9,269.37","$468,132.00","$9,269.37",282619932943000140
2026-08-06T04:20:15,CLOSED,2025CA004044A000BA,08/05/2026 10:00 AM ET,"1447 BERRY LN DAVENPORT, FL- 33837","$414,876.69","$307,747.00","$182,700.00",272703721523001600
2026-08-06T04:20:15,CLOSED,2024CA003850000000,08/11/2026 10:00 AM ET,"649 GARBERIA DR DAVENPORT, FL- 33837","$217,572.97","$187,448.00","$217,572.97",272706726504001490
2026-08-07T04:20:30,NEW,2025CA001180A000BA,08/25/2026 10:00 AM ET,"56 BUCK CIR HAINES CITY, FL- 33844","$233,782.80","$169,000.00","$233,782.80",282829935954000260
2026-08-07T04:20:30,NEW,2025CA004789A000BA,08/25/2026 10:00 AM ET,"1053 SILAS ST HAINES CITY, FL- 33844","$348,386.46","$251,427.00","$348,386.46",272734810535000170
2026-08-07T04:20:30,NEW,2025CC002798A000BA,08/25/2026 10:00 AM ET,"6428 SEDGEFORD DR LAKELAND, FL- 33811","$4,206.40","$167,604.00","$4,206.40",232922141796005250
2026-08-07T04:20:30,NEW,2025CA001283A000BA,08/31/2026 10:00 AM ET,"129 JACK NICKLAUS LN DAVENPORT, FL- 33837",$0.00,"$79,825.00","$179,166.85",Property
2026-08-07T04:20:30,CLOSED,2024CC001353000000,08/06/2026 10:00 AM ET,"6575 LAKE CLARK DR LAKELAND, FL- 33813","$11,786.01","$280,236.00","$15,675.45",232924141891000410
2026-08-07T04:20:30,CLOSED,2025CA003047A000BA,08/06/2026 10:00 AM ET,"10401 STEVEN DR POLK CITY, FL- 33868","$90,201.49","$56,161.00","$90,201.49",252630295370000170
2026-08-07T04:20:30,CLOSED,2024CA001934000000,08/25/2026 10:00 AM ET,"6307 CHAROLAIS DR LAKELAND, FL- 33810","$117,954.35","$181,252.00","$117,954.35",232723000000014290
2026-08-07T04:20:30,CLOSED,2025CA003627A000BA,08/25/2026 10:00 AM ET,"2305 RIO GRANDE FOREST LN POINCIANA, FL- 34759","$145,818.26","$153,317.00","$145,818.26",282815935360112180
2026-08-10T04:20:21,NEW,2025CA004591A000BA,08/11/2026 10:00 AM ET,"1104 MERRILL ST DAVENPORT, FL- 33837","$274,056.96","$228,000.00","$133,400.00",272629707042002390
2026-08-10T04:20:21,NEW,2025CA004745A000BA,08/11/2026 10:00 AM ET,"2280 LELANI CIR DAVENPORT, FL- 33897","$2,024.33","$718,328.00","$2,024.33",262513998011002430
2026-08-10T04:20:21,NEW,2025CA002454A000BA,08/31/2026 10:00 AM ET,"463 LILY LN DAVENPORT, FL- 33837","$428,792.89","$354,939.00","$428,792.89",272622706096004140
2026-08-10T04:20:21,NEW,2025CA002694A000BA,08/31/2026 10:00 AM ET,"339 CENTRAL AVE E LAKE WALES, FL- 33853","$188,810.30","$172,342.00","$188,810.30",273001883000033200
2026-08-10T04:20:21,NEW,2025CA002702A000BA,08/31/2026 10:00 AM ET,"129 JACK NICKLAUS LN DAVENPORT, FL- 33837","$179,166.85","$79,825.00","$179,166.85",272617704402006720
2026-08-10T04:20:21,NEW,2025CA002914A000BA,08/31/2026 10:00 AM ET,"5922 WHITE TAIL LOOP LAKELAND, FL- 33811","$355,981.94","$299,641.00","$355,981.94",232915141576004540
2026-08-10T04:20:21,NEW,2025CA003539A000BA,08/31/2026 10:00 AM ET,"172 ROSEVILLE DR HAINES CITY, FL- 33844","$361,039.12","$261,152.00","$361,039.12",272734810533003280
2026-08-10T04:20:21,NEW,2025CA003974A000BA,08/31/2026 10:00 AM ET,"1159 MOUNTAIN FLOWER LN DAVENPORT, FL- 33837","$386,336.61","$288,493.00","$386,336.61",272709729510000070
2026-08-10T04:20:21,NEW,2025CA004149A000BA,08/31/2026 10:00 AM ET,"1280 TUPELO TRL HAINES CITY, FL- 33844","$341,421.14","$240,785.00","$341,421.14",272723757502002900
2026-08-10T04:20:21,NEW,2025CA004355A000BA,08/31/2026 10:00 AM ET,"2113 WINTERSET DR LAKELAND, FL- 33813","$230,795.85","$194,500.00","$230,795.85",242904273501000930
2026-08-10T04:20:21,NEW,2025CA004657A000BA,08/31/2026 10:00 AM ET,"1509 GULF VUE DR HAINES CITY, FL- 33844","$364,580.42","$320,025.00","$364,580.42",272720749027000140
2026-08-10T04:20:21,NEW,2024CA000341000000,09/01/2026 10:00 AM ET,"3340 BACKWOODS DR LAKELAND, FL- 33810",$0.00,"$54,090.00","$144,032.77",Property
2026-08-10T04:20:21,CLOSED,2025CA003154A000BA,08/07/2026 10:00 AM ET,"2055 FLORAL AVE S LOT 201 BARTOW, FL- 33830","$165,031.55","$107,829.00","$114,308.00",253018429920002010
2026-08-10T04:20:21,CLOSED,2025CC002148000000,08/07/2026 10:00 AM ET,"1316 WALKER CIR E LAKELAND, FL- 33805","$37,801.64","$193,610.00","$37,801.64",242720161600000148
2026-08-10T04:20:21,CLOSED,2024CA001420000000,08/11/2026 10:00 AM ET,"1368 BRAMBLEWOOD DR LAKELAND, FL- 33811","$137,499.35","$184,335.00","$137,499.35",232911139764001760
2026-08-10T04:20:21,CLOSED,2025CA003979A000BA,08/11/2026 10:00 AM ET,"6814 GLENBROOK DR LAKELAND, FL- 33811","$157,742.92","$193,755.00","$157,742.92",232922141794000440
2026-08-11T04:20:27,NEW,2025CA004841A000BA,08/11/2026 10:00 AM ET,"1133 BRUNNELL PKWY N LAKELAND, FL- 33805","$150,715.95","$117,371.00",Hidden,232811033500007080
2026-08-11T04:20:27,NEW,2025CA004905A000BA,08/11/2026 10:00 AM ET,"6941 NEWMAN CIR E LAKELAND, FL- 33811","$368,089.66","$293,848.00","$277,365.00",232920141750000680
2026-08-11T04:20:27,NEW,2025CC006001A000BA,08/11/2026 10:00 AM ET,"124 PERSHING ST BARTOW, FL- 33830","$6,782.14","$222,973.00","$6,782.14",252913359367000050
2026-08-11T04:20:27,NEW,2025CC010798A000BA,08/25/2026 10:00 AM ET,"223 NEVADA LOOP RD DAVENPORT, FL- 33897","$7,044.10","$226,247.00","$7,044.10",262523488057000520
2026-08-11T04:20:27,CLOSED,2025CA001864A000BA,08/11/2026 10:00 AM ET,"4914 SHADYGLEN DR LAKELAND, FL- 33810","$105,848.64","$165,446.00","$105,848.64",232728011011000300
2026-08-11T04:20:27,CLOSED,2025CA004578A000BA,08/11/2026 10:00 AM ET,"144 HAMPTON LOOP DAVENPORT, FL- 33837","$9,269.37","$468,132.00","$9,269.37",282619932943000140
2026-08-11T04:20:27,CLOSED,2025CA004745A000BA,08/11/2026 10:00 AM ET,"2280 LELANI CIR DAVENPORT, FL- 33897","$2,024.33","$718,328.00","$2,024.33",262513998011002430
2026-08-11T04:20:27,CLOSED,2022CA002898000000,08/25/2026 10:00 AM ET,"8140 TOM COSTINE RD LAKELAND, FL- 33809","$109,555.44","$40,604.00","$109,555.44",242707000000043130
2026-08-12T04:20:20,NEW,2025CA003058A000BA,09/01/2026 10:00 AM ET,"3340 BACKWOODS DR LAKELAND, FL- 33810","$144,032.77","$54,090.00","$144,032.77",232809000000023190
2026-08-12T04:20:20,NEW,2025CA003159A000BA,09/01/2026 10:00 AM ET,"231 GROUPER CT POINCIANA, FL- 34759","$328,159.56","$205,602.00","$328,159.56",282802934710114160
2026-08-12T04:20:20,NEW,2025CA003611A000BA,09/01/2026 10:00 AM ET,"5836 DAUGHTERY DOWNS LOOP LAKELAND, FL- 33809","$424,499.20","$256,183.00","$424,499.20",232724008933000290
2026-08-12T04:20:20,NEW,2026CA000048A000BA,09/03/2026 10:00 AM ET,"796 BERKLEY RD AUBURNDALE, FL- 33823","$219,760.77","$199,636.00","$219,760.77",252804319001023150
2026-08-12T04:20:20,NEW,2025CA003924A000BA,09/04/2026 10:00 AM ET,"718 PEYTON BROOKE WAY WINTER HAVEN, FL- 33881","$257,597.11","$247,151.00","$257,597.11",262802522103001670
2026-08-12T04:20:20,NEW,2026CA000684A000BA,09/04/2026 10:00 AM ET,"742 LONGBOAT DR DAVENPORT, FL- 33896","$315,449.52","$291,510.00","$315,449.52",272605701160001370
2026-08-12T04:20:20,NEW,2021CC006359000000,09/08/2026 10:00 AM ET,"1008 CASTERTON CIR DAVENPORT, FL- 33897","$27,543.25","$301,638.00","$27,543.25",262524488066020500
2026-08-12T04:20:20,NEW,2024CA002602000000,09/08/2026 10:00 AM ET,"808 LONGBOAT DR DAVENPORT, FL- 33896","$332,993.03","$299,500.00","$332,993.03",272605701160000970
2026-08-12T04:20:20,NEW,2024CA003800000000,09/08/2026 10:00 AM ET,"1489 36TH ST NW WINTER HAVEN, FL- 33881","$169,554.52","$99,168.00","$169,554.52",252813343500001190
2026-08-12T04:20:20,NEW,2025CA003869A000BA,09/08/2026 10:00 AM ET,"5185 BELMONT PARK WAY MULBERRY, FL- 33860","$129,730.41","$137,683.00","$129,730.41",232927142002000400
2026-08-12T04:20:20,NEW,2025CA004201A000BA,09/08/2026 10:00 AM ET,"2498 SILVER VIEW DR LAKELAND, FL- 33811","$342,721.92","$317,055.00","$342,721.92",232828138014000680
2026-08-12T04:20:20,NEW,2025CA004541A000BA,09/08/2026 10:00 AM ET,"520 17TH ST NE WINTER HAVEN, FL- 33881","$71,960.68","$56,662.00","$71,960.68",262822585700000230
2026-08-12T04:20:20,NEW,2025CA004725A000BA,09/08/2026 10:00 AM ET,"411 EAGLECREST DR HAINES CITY, FL- 33844","$246,472.30","$268,568.00","$246,472.30",272716740506000270
2026-08-12T04:20:20,NEW,2025CA004854A000BA,09/08/2026 10:00 AM ET,"339 DRUM CT POINCIANA, FL- 34759","$321,726.25","$252,614.00","$321,726.25",282802934710130220
2026-08-12T04:20:20,NEW,2025CA004985A000BA,09/08/2026 10:00 AM ET,"2153 MONTICELLO AVE LAKELAND, FL- 33801","$222,763.95","$147,896.00","$222,763.95",242821239300002100
2026-08-12T04:20:20,NEW,2025CC011528A000BA,09/08/2026 10:00 AM ET,"1130 N LAKE PARKER AVE APT E23 LAKELAND, FL- 33805","$17,053.16","$40,212.00","$17,053.16",242807174010052320
2026-08-12T04:20:20,NEW,2021CC005494000000,09/09/2026 10:00 AM ET,"567 AUTUMN STREAM DR AUBURNDALE, FL- 33823","$22,017.91","$250,238.00","$22,017.91",252736305502000080
2026-08-12T04:20:20,NEW,2024CA000544000000,09/09/2026 10:00 AM ET,"4740 HINSON AVE E HAINES CITY, FL- 33844","$274,707.97","$312,395.00","$274,707.97",272726000000012060
2026-08-12T04:20:20,NEW,2024CA003096000000,09/09/2026 10:00 AM ET,"2318 MAPLE HILL DR LAKELAND, FL- 33811","$219,468.77","$287,273.00","$219,468.77",232910000000012160
2026-08-12T04:20:20,NEW,2024CA003504000000,09/09/2026 10:00 AM ET,"547 BIG SIOUX CT POINCIANA, FL- 34759","$309,259.18","$234,378.00","$309,259.18",282815935360023060
2026-08-12T04:20:20,CLOSED,2023CA006656000000,08/11/2026 10:00 AM ET,"661 BEAR CT POINCIANA, FL- 34759","$22,293.20","$98,202.00","$23,229.12",282724934010134140
2026-08-12T04:20:20,CLOSED,2023CA006717000000,08/11/2026 10:00 AM ET,"RONALD REAGAN PKWY DAVENPORT, FL- 33896","$9,344,812.30","$244,572.00",Hidden,272605000000033040
2026-08-12T04:20:20,CLOSED,2025CA000935000000,08/11/2026 10:00 AM ET,"1921 SYLVESTER RD LAKELAND, FL- 33803","$245,921.52","$226,686.00",Hidden,242829249800001030
2026-08-12T04:20:20,CLOSED,2025CA002348A000BA,08/11/2026 10:00 AM ET,"2530 BLUE BREAM DR LAKE WALES, FL- 33898","$297,075.94","$166,414.00",Hidden,282908000000043050
2026-08-12T04:20:20,CLOSED,2025CA003272A000BA,08/11/2026 10:00 AM ET,"215 SANTA ROSA DR WINTER HAVEN, FL- 33884","$197,207.37","$230,281.00","$197,207.37",262835662926000680
2026-08-12T04:20:20,CLOSED,2025CA003489A000BA,08/11/2026 10:00 AM ET,"1871 AMBER SWEET CIR DUNDEE, FL- 33838","$215,202.87","$221,580.00","$156,600.00",272827835826002060
2026-08-12T04:20:20,CLOSED,2025CA004591A000BA,08/11/2026 10:00 AM ET,"1104 MERRILL ST DAVENPORT, FL- 33837","$274,056.96","$228,000.00","$133,400.00",272629707042002390
2026-08-12T04:20:20,CLOSED,2025CA004841A000BA,08/11/2026 10:00 AM ET,"1133 BRUNNELL PKWY N LAKELAND, FL- 33805","$150,715.95","$117,371.00",Hidden,232811033500007080
2026-08-12T04:20:20,CLOSED,2025CA004905A000BA,08/11/2026 10:00 AM ET,"6941 NEWMAN CIR E LAKELAND, FL- 33811","$368,089.66","$293,848.00","$277,365.00",232920141750000680
2026-08-12T04:20:20,CLOSED,2025CC006001A000BA,08/11/2026 10:00 AM ET,"124 PERSHING ST BARTOW, FL- 33830","$6,782.14","$222,973.00","$6,782.14",252913359367000050
2026-08-12T04:20:20,CLOSED,2024CA001566000000,08/19/2026 10:00 AM ET,"1538 COUNTRY RIDGE DR LAKELAND, FL- 33801","$218,451.42","$222,472.00","$218,451.42",242810178710000100
2026-08-13T04:20:20,NEW,2023CA005504000000,09/11/2026 10:00 AM ET,"122 SMITH ST HAINES CITY, FL- 33844",$0.00,"$126,155.00","$495,279.70",Property
2026-08-14T04:20:11,CLOSED,2025CC010562A000BA,08/13/2026 10:00 AM ET,"516 DURANGO LOOP ST DAVENPORT, FL- 33897","$8,631.91","$89,895.00","$8,631.91",262523488058000390
2026-08-14T04:20:11,CLOSED,2024CA003851000000,08/14/2026 10:00 AM ET,"2742 WILLINGAM DR DAVENPORT, FL- 33837","$770,662.81","$552,422.00","$705,000.00",282618932901020930
2026-08-17T04:20:11,NEW,2022CC000609000000,09/10/2026 10:00 AM ET,"712 CRESCENT VALLEY RANCH RD DAVENPORT, FL- 33837","$28,897.62","$197,778.00","$28,897.62",272627000000033120
2026-08-17T04:20:11,NEW,2022CC004192000000,09/10/2026 10:00 AM ET,"263 LAKE LUCERNE WAY WINTER HAVEN, FL- 33881","$5,531.46","$187,652.00","$5,531.46",262735520573001760
2026-08-17T04:20:11,CLOSED,2025CA003411A000BA,08/14/2026 10:00 AM ET,"7053 FLORA WAY LAKE WALES, FL- 33898","$247,961.23","$171,901.00",Hidden,282833936200000920
2026-08-18T04:20:12,NEW,2026CA001569A000BA,08/25/2026 10:00 AM ET,"1038 SUFFRAGETTE CIR HAINES CITY, FL- 33844","$286,664.78","$216,009.00","$286,664.78",272716740504001670
2026-08-18T04:20:12,NEW,2023CA006283000000,09/11/2026 10:00 AM ET,"310 FERN CT POINCIANA, FL- 34759","$15,361,476.92","$217,118.00","$12,862.13",MULTIPLE
2026-08-18T04:20:12,NEW,2024CA003625000000,09/11/2026 10:00 AM ET,"2762 BELLA VISTA DR DAVENPORT, FL- 33897","$226,541.62","$244,500.00","$226,541.62",262525999946004950
2026-08-18T04:20:12,NEW,2025CA001365A000BA,09/11/2026 10:00 AM ET,"1026 JOHN JACOB RD DAVENPORT, FL- 33837","$338,641.99","$353,797.00","$338,641.99",272615704225000570
2026-08-18T04:20:12,NEW,2025CA002764A000BA,09/11/2026 10:00 AM ET,"122 SMITH ST HAINES CITY, FL- 33844","$495,279.70","$126,155.00","$495,279.70",272816823000024050
2026-08-18T04:20:12,NEW,2025CA003288A000BA,09/11/2026 10:00 AM ET,"2626 TRINIDAD RD HAINES CITY, FL- 33844","$370,949.75","$269,473.00","$370,949.75",262725490010008130
2026-08-18T04:20:12,NEW,2025CA003791A000BA,09/11/2026 10:00 AM ET,"4039 PRAIRIE BEND LN LAKELAND, FL- 33812","$180,713.10","$159,230.00","$180,713.10",242914283142000070
2026-08-18T04:20:12,NEW,2025CA003976A000BA,09/11/2026 10:00 AM ET,"5248 TIMBERLANE RD LAKE WALES, FL- 33898","$140,827.28","$182,558.00","$140,827.28",282908936680001715
2026-08-18T04:20:12,NEW,2025CA003989A000BA,09/11/2026 10:00 AM ET,"107 JETTY WAY DAVENPORT, FL- 33897","$591,687.26","$422,000.00","$591,687.26",262513998011000020
2026-08-18T04:20:12,CLOSED,2023CA005403000000,08/17/2026 10:00 AM ET,"4957 SHORE LINE DR POLK CITY, FL- 33868","$87,487.41","$149,071.00","$102,972.60",252706298362000340
2026-08-18T04:20:12,CLOSED,2024CA003089000000,08/17/2026 10:00 AM ET,"1525 MATTIE POINTE PL AUBURNDALE, FL- 33823","$388,975.04","$291,717.00",Hidden,252723300012001070
2026-08-18T04:20:12,CLOSED,2021CA001661000000,08/18/2026 10:00 AM ET,"502 CANAL DR LAKE WALES, FL- 33859","$187,070.64","$288,043.00","$187,070.64",273035928400022050
2026-08-18T04:20:12,CLOSED,2025CC006624A000BA,08/18/2026 10:00 AM ET,"342 CREEKWOOD RUN LAKELAND, FL- 33809","$9,259.97","$159,113.00","$9,259.97",232625000580001360
2026-08-18T04:20:12,CLOSED,2024CA003501000000,08/20/2026 10:00 AM ET,"216 MAPLE DR POINCIANA, FL- 34759","$202,028.84","$233,546.00","$202,028.84",282810935240840170
2026-08-18T04:20:12,CLOSED,2025CA002693A000BA,08/25/2026 10:00 AM ET,"1436 EAGLE CREST BLVD WINTER HAVEN, FL- 33881","$12,109.40","$249,430.00","$12,109.40",262822588322002390
2026-08-19T04:20:31,CLOSED,2025CA002306A000BA,08/18/2026 10:00 AM ET,"105 REBECCA DR WINTER HAVEN, FL- 33881","$196,150.29","$56,153.00","$183,426.34",262822588313000280
2026-08-19T04:20:31,CLOSED,2025CC009183A000BA,08/18/2026 10:00 AM ET,"6727 MOSSY OAK LN LAKELAND, FL- 33810","$5,391.30","$297,141.00","$5,391.30",232717001102000440
2026-08-19T04:20:31,CLOSED,2023CA006434000000,08/20/2026 10:00 AM ET,"550 SEARS AVE NE WINTER HAVEN, FL- 33881","$367,092.50","$288,341.00",Hidden,262816538000000300
2026-08-20T04:20:22,NEW,2022CA004168000000,09/15/2026 10:00 AM ET,"253 TERRANOVA BLVD WINTER HAVEN, FL- 33884",$0.00,"$183,085.00","$6,740.21",Property
2026-08-20T04:20:22,NEW,2025CA001529A000BA,09/15/2026 10:00 AM ET,"827 CHINOY RD DAVENPORT, FL- 33837",$0.00,"$278,585.00","$390,578.65",Property
2026-08-20T04:20:22,CLOSED,2025CA004121A000BA,08/19/2026 10:00 AM ET,"5752 CHERRY TREE DR LAKELAND, FL- 33811","$319,889.26","$243,570.00","$142,100.00",232914141554000270
2026-08-20T04:20:22,CLOSED,2025CA005403A000BA,08/19/2026 10:00 AM ET,"225 GOLDENROD LN POINCIANA, FL- 34759","$402,731.66","$268,158.00",Hidden,282810935240816320
2026-08-20T04:20:22,CLOSED,2025CC006136A000BA,08/19/2026 10:00 AM ET,"361 SINGING SANDS CIR LAKE WALES, FL- 33859","$10,482.73","$256,034.00","$10,565.89",272915864507000700
2026-08-20T04:20:22,CLOSED,2023CA005624000000,08/21/2026 10:00 AM ET,"9939 QUINN RD POLK CITY, FL- 33868","$29,505.09","$91,176.00","$29,505.09",252631000000032050
2026-08-20T04:20:22,CLOSED,2025CA003345A000BA,08/21/2026 10:00 AM ET,"1123 WALNUT ST W LAKELAND, FL- 33815","$179,799.01","$243,968.00","$179,799.01",232824113000008160
2026-08-20T04:20:22,CLOSED,2025CC011015A000BA,08/21/2026 10:00 AM ET,"2589 SUNDANCE CIR MULBERRY, FL- 33860","$5,893.72","$279,791.00","$6,508.65",232927142044000520
2026-08-20T04:20:22,CLOSED,2025CA004789A000BA,08/25/2026 10:00 AM ET,"1053 SILAS ST HAINES CITY, FL- 33844","$348,386.46","$251,427.00","$348,386.46",272734810535000170
2026-08-21T04:20:12,NEW,2023CA005625000000,09/15/2026 10:00 AM ET,"401 DANUBE DR POINCIANA, FL- 34759","$209,371.93","$244,624.00","$209,371.93",282803934760060010
2026-08-21T04:20:12,NEW,2024CA003554000000,09/15/2026 10:00 AM ET,"253 TERRANOVA BLVD WINTER HAVEN, FL- 33884","$6,740.21","$183,085.00","$6,740.21",262914687810002830
2026-08-21T04:20:12,NEW,2025CA001993A000BA,09/15/2026 10:00 AM ET,"827 CHINOY RD DAVENPORT, FL- 33837","$390,578.65","$278,585.00","$390,578.65",272634710501000310
2026-08-21T04:20:12,NEW,2025CA002157A000BA,09/15/2026 10:00 AM ET,"3696 JULIUS ESTATES BLVD WINTER HAVEN, FL- 33881","$10,483.34","$178,551.00","$10,483.34",262810530501001250
2026-08-21T04:20:12,NEW,2025CA003013A000BA,09/15/2026 10:00 AM ET,"1108 HUDSON HARBOR LN POINCIANA, FL- 34759","$365,568.16","$244,890.00","$365,568.16",282815935360055020
2026-08-21T04:20:12,NEW,2025CA003164A000BA,09/15/2026 10:00 AM ET,"322 BRIARBROOK LN HAINES CITY, FL- 33844","$321,391.40","$277,817.00","$321,391.40",272733810524002720
2026-08-21T04:20:12,NEW,2025CA003228A000BA,09/15/2026 10:00 AM ET,"2724 AVENUE J NW WINTER HAVEN, FL- 33881","$235,133.74","$150,342.00","$235,133.74",252824350800000160
2026-08-21T04:20:12,NEW,2025CA004176A000BA,09/15/2026 10:00 AM ET,"1523 BOONE PL LAKELAND, FL- 33803","$230,126.65","$141,436.00","$230,126.65",232825134000002070
2026-08-21T04:20:12,CLOSED,2025CA000264000000,08/20/2026 10:00 AM ET,"2187 MANDARIN LOOP DUNDEE, FL- 33838","$277,160.35","$223,450.00",Hidden,272827835826002690
2026-08-21T04:20:12,CLOSED,2025CA003995A000BA,08/20/2026 10:00 AM ET,"474 ANNABELLE WAY DAVENPORT, FL- 33837","$271,984.97","$270,500.00",Hidden,272614704141003890
2026-08-21T04:20:12,CLOSED,2025CA002131A000BA,08/21/2026 10:00 AM ET,"4 SUGAR PINE LOOP LAKE WALES, FL- 33898","$164,692.34","$134,902.00","$167,138.48",293017992700000040
2026-08-21T04:20:12,CLOSED,2023CA006124000000,08/22/2026 10:00 AM ET,"17 ZINNIA LN E POINCIANA, FL- 34759","$10,651.65","$237,377.00","$10,651.65",282810935240830230
2026-08-21T04:20:12,CLOSED,2026CA001569A000BA,08/25/2026 10:00 AM ET,"1038 SUFFRAGETTE CIR HAINES CITY, FL- 33844","$286,664.78","$216,009.00","$286,664.78",272716740504001670
2026-08-21T04:20:12,CLOSED,2025CA003294A000BA,08/27/2026 10:00 AM ET,"12 LAKEVIEW DR N HAINES CITY, FL- 33844","$423,893.27","$441,420.00","$423,893.27",292819000000014120
2026-08-24T04:20:12,NEW,2024CA002754000000,09/17/2026 10:00 AM ET,"713 WILDFLOWER RD DAVENPORT, FL- 33837","$31,224.06","$303,678.00","$31,224.06",272612703504000230
2026-08-24T04:20:12,NEW,2025CA000919000000,09/17/2026 10:00 AM ET,"181 MANDOVI ST DAVENPORT, FL- 33837","$17,808.89","$227,500.00","$17,808.89",272629707043000190
2026-08-24T04:20:12,NEW,2025CA001044000000,09/17/2026 10:00 AM ET,"1128 MERRILL ST DAVENPORT, FL- 33837","$11,840.73","$228,000.00","$11,840.73",272629707042002450
2026-08-24T04:20:12,NEW,2025CA002384A000BA,09/17/2026 10:00 AM ET,"1206 ALOHA BLVD DAVENPORT, FL- 33897","$312,414.22","$496,504.00","$312,414.22",262513998011002970
2026-08-24T04:20:12,NEW,2025CA004238A000BA,09/17/2026 10:00 AM ET,"393 DAWES RD FROSTPROOF, FL- 33843","$88,949.78","$17,355.00","$88,949.78",273203932512020470
2026-08-24T04:20:12,NEW,2025CA004864A000BA,09/17/2026 10:00 AM ET,"1920 EDGEWOOD DR E D4 LAKELAND, FL- 33803","$153,481.30","$118,500.00","$153,481.30",242829253970004040
2026-08-24T04:20:12,NEW,2025CA005508A000BA,09/17/2026 10:00 AM ET,"160 BELLA DR DAVENPORT, FL- 33837","$235,722.57","$226,217.00","$235,722.57",272632709508000460
2026-08-24T04:20:12,CLOSED,2025CA002845A000BA,08/21/2026 10:00 AM ET,"415 RENEE DR HAINES CITY, FL- 33844","$370,928.04","$231,064.00","$315,000.00",272729790801000170
2026-08-24T04:20:12,CLOSED,2025CA004245A000BA,08/21/2026 10:00 AM ET,"419 8TH ST HAINES CITY, FL- 33844","$184,846.44","$216,216.00","$100,300.00",272729788000000350
2026-08-24T04:20:12,CLOSED,2025CA004310A000BA,08/21/2026 10:00 AM ET,"100 EL CAMINO DR APT 102 WINTER HAVEN, FL- 33884","$93,656.01","$100,500.00","$89,900.00",262835662510001020
2026-08-24T04:20:12,CLOSED,2025CC000410000000,08/21/2026 10:00 AM ET,"1072 BROOKLET DR DAVENPORT, FL- 33837","$28,228.35","$324,040.00","$7,676.03",PERSONAL
2026-08-25T04:20:12,NEW,2025CA002214A000BA,09/18/2026 10:00 AM ET,"398 CITRUS ISLE LOOP DAVENPORT, FL- 33837","$306,856.42","$229,513.00","$306,856.42",272704725010000540
2026-08-25T04:20:12,NEW,2025CA003354A000BA,09/18/2026 10:00 AM ET,"1071 CASCADE DR DAVENPORT, FL- 33837","$421,887.40","$330,539.00","$421,887.40",272622706097003730
2026-08-25T04:20:12,NEW,2025CA004204A000BA,09/18/2026 10:00 AM ET,"204 GANDY ST AUBURNDALE, FL- 33823","$258,640.96","$135,413.00","$258,640.96",252811000000011240
2026-08-25T04:20:12,NEW,2025CC003759A000BA,09/18/2026 10:00 AM ET,"156 ARLINGTON SQUARE CT HAINES CITY, FL- 33844","$2,521.41","$246,422.00","$2,521.41",272728776634000100
2026-08-25T04:20:12,CLOSED,2024CA003420000000,08/25/2026 10:00 AM ET,"701 HIGHLAND CREST LOOP LAKE WALES, FL- 33853","$100,619.49","$196,746.00",Hidden,272936880209000270
2026-08-26T04:20:13,CLOSED,2023CA000440000000,08/25/2026 10:00 AM ET,"1404 HILLSBOROUGH WAY POINCIANA, FL- 34759","$244,011.82","$205,358.00","$244,011.82",282733934460414130
2026-08-26T04:20:13,CLOSED,2024CA003685000000,08/25/2026 10:00 AM ET,"79 ORCHID CT POINCIANA, FL- 34759","$13,485.78","$244,197.00","$16,290.83",282810935240846220
2026-08-26T04:20:13,CLOSED,2025CA000651000000,08/25/2026 10:00 AM ET,"253 TOWER VIEW DR W HAINES CITY, FL- 33844","$171,884.71","$253,940.00",Hidden,272716740501000230
2026-08-26T04:20:13,CLOSED,2025CA001180A000BA,08/25/2026 10:00 AM ET,"56 BUCK CIR HAINES CITY, FL- 33844","$233,782.80","$169,000.00","$112,100.00",282829935954000260
2026-08-26T04:20:13,CLOSED,2025CA003110A000BA,08/25/2026 10:00 AM ET,"129 CLOVERBROOK TRL DAVENPORT, FL- 33837","$165,509.55","$311,882.00","$169,287.96",272711737502000230
2026-08-26T04:20:13,CLOSED,2025CC002798A000BA,08/25/2026 10:00 AM ET,"6428 SEDGEFORD DR LAKELAND, FL- 33811","$4,206.40","$167,604.00","$4,206.40",232922141796005250
2026-08-26T04:20:13,CLOSED,2025CC010798A000BA,08/25/2026 10:00 AM ET,"223 NEVADA LOOP RD DAVENPORT, FL- 33897","$7,044.10","$226,247.00","$7,044.10",262523488057000520
2026-08-27T04:20:03,CLOSED,2025CA000918000000,08/26/2026 10:00 AM ET,"6276 RED HERRING DR WINTER HAVEN, FL- 33881","$240,530.17","$173,284.00",Hidden,262811531001003070
2026-08-28T04:20:00,CLOSED,2025CA001230A000BA,08/27/2026 10:00 AM ET,"3249 ROYAL TERN DR WINTER HAVEN, FL- 33881","$343,513.56","$234,653.00",Hidden,262812531504000470
2026-08-31T04:20:11,NEW,2025CA005300A000BA,08/31/2026 10:00 AM ET,"44 CEDAR ST HAINES CITY, FL- 33844","$69,446.05","$100,473.00","$69,446.05",272729783000094070
2026-08-31T04:20:11,NEW,2026CA000885A000BA,08/31/2026 10:00 AM ET,"3101 AVENUE U NW WINTER HAVEN, FL- 33881","$156,254.40","$98,918.00","$156,254.40",252813342500008340
2026-08-31T04:20:11,NEW,2023CA006124000000,09/22/2026 10:00 AM ET,"17 ZINNIA LN E POINCIANA, FL- 34759","$10,651.65","$237,377.00","$10,651.65",282810935240830230
2026-08-31T04:20:11,NEW,2024CA002047000000,09/22/2026 10:00 AM ET,"110 WINONA AVE S LAKE ALFRED, FL- 33850","$1,135,198.46","$50,855.00","$82,437.38",MULTIPLE
2026-08-31T04:20:11,NEW,2025CA003004A000BA,09/22/2026 10:00 AM ET,"417 HENNEPIN LOOP LAKE WALES, FL- 33898","$345,765.37","$221,216.00","$345,765.37",272914860633000590
2026-08-31T04:20:11,NEW,2025CA004952A000BA,09/22/2026 10:00 AM ET,"115 HOLLAND ST LAKE WALES, FL- 33859","$124,248.02","$89,657.00","$124,248.02",273035928600003570
2026-08-31T04:20:11,NEW,2025CA004986A000BA,09/22/2026 10:00 AM ET,"304 GROUPER DR POINCIANA, FL- 34759","$178,329.81","$178,527.00","$178,329.81",282802934710141020
2026-08-31T04:20:11,NEW,2026CA000027A000BA,09/22/2026 10:00 AM ET,"510 PERRY AVE N FORT MEADE, FL- 33841","$236,150.54","$171,778.00","$236,150.54",253127456500027022
2026-08-31T04:20:11,NEW,2026CA000055A000BA,09/22/2026 10:00 AM ET,"109 ANDREAS ST WINTER HAVEN, FL- 33881","$316,874.14","$265,977.00","$316,874.14",262802522103001360
2026-08-31T04:20:11,NEW,2026CA001936A000BA,09/22/2026 10:00 AM ET,"4370 AVENUE Q NW AUBURNDALE, FL- 33823","$114,026.24","$165,003.00","$114,026.24",252814344800000050
2026-08-31T04:20:11,NEW,2026CC001211A000BA,09/22/2026 10:00 AM ET,"1836 N CRYSTAL LAKE DR APT 100 LAKELAND, FL- 33801","$12,663.79","$159,000.00",Hidden,242820239220010040
2026-08-31T04:20:11,CLOSED,2022CA003801000000,08/28/2026 10:00 AM ET,"39 QUEENS CT FROSTPROOF, FL- 33843","$89,559.02","$116,699.00",Hidden,283206984900000390
2026-08-31T04:20:11,CLOSED,2025CA002914A000BA,08/31/2026 10:00 AM ET,"5922 WHITE TAIL LOOP LAKELAND, FL- 33811","$355,981.94","$299,641.00",Hidden,232915141576004540
2026-08-31T04:20:11,CLOSED,2025CA003539A000BA,08/31/2026 10:00 AM ET,"172 ROSEVILLE DR HAINES CITY, FL- 33844","$361,039.12","$261,152.00","$161,240.00",272734810533003280
2026-09-01T04:20:00,NEW,2023CA004995000000,09/23/2026 10:00 AM ET,"1049 SUFFRAGETTE CIR HAINES CITY, FL- 33844","$152,774.94","$143,426.00","$152,774.94",272716740504000700
2026-09-01T04:20:00,NEW,2025CA004070A000BA,09/24/2026 10:00 AM ET,"602 DIXON ST E FORT MEADE, FL- 33841","$303,062.90","$187,988.00","$303,062.90",253135486800000020
2026-09-01T04:20:00,NEW,2025CC007468A000BA,09/24/2026 10:00 AM ET,"6408 TORRINGTON CIR LAKELAND, FL- 33811","$8,715.34","$210,692.00","$8,715.34",232922141796002210
2026-09-01T04:20:00,NEW,2023CA004647000000,09/25/2026 10:00 AM ET,"13 PINE FOREST CIR HAINES CITY, FL- 33844","$199,349.71","$160,078.00","$199,349.71",282807935070000130
2026-09-01T04:20:00,NEW,2023CA006450000000,09/25/2026 10:00 AM ET,"2505 MCARTHUR ST LAKELAND, FL- 33801","$262,174.21","$63,001.00","$262,174.21",242809000000012021
2026-09-01T04:20:00,NEW,2025CA004315A000BA,09/25/2026 10:00 AM ET,"135 ROSEVILLE DR HAINES CITY, FL- 33844","$357,748.84","$246,790.00","$357,748.84",272734810532003420
2026-09-01T04:20:00,CLOSED,2025CA001283A000BA,08/31/2026 10:00 AM ET,"159 TRINITY CIR HAINES CITY, FL- 33844","$220,593.57","$120,810.00",Hidden,272728776625000460
2026-09-01T04:20:00,CLOSED,2025CA002454A000BA,08/31/2026 10:00 AM ET,"463 LILY LN DAVENPORT, FL- 33837","$428,792.89","$354,939.00","$428,792.89",272622706096004140
2026-09-01T04:20:00,CLOSED,2025CA002694A000BA,08/31/2026 10:00 AM ET,"339 CENTRAL AVE E LAKE WALES, FL- 33853","$188,810.30","$172,342.00","$94,400.00",273001883000033200
2026-09-01T04:20:00,CLOSED,2025CA002702A000BA,08/31/2026 10:00 AM ET,"129 JACK NICKLAUS LN DAVENPORT, FL- 33837","$179,166.85","$79,825.00","$100,860.00",272617704402006720
2026-09-01T04:20:00,CLOSED,2025CA003974A000BA,08/31/2026 10:00 AM ET,"1159 MOUNTAIN FLOWER LN DAVENPORT, FL- 33837","$386,336.61","$288,493.00",Hidden,272709729510000070
2026-09-01T04:20:00,CLOSED,2025CA004149A000BA,08/31/2026 10:00 AM ET,"1280 TUPELO TRL HAINES CITY, FL- 33844","$341,421.14","$240,785.00",Hidden,272723757502002900
2026-09-01T04:20:00,CLOSED,2025CA004355A000BA,08/31/2026 10:00 AM ET,"2113 WINTERSET DR LAKELAND, FL- 33813","$230,795.85","$194,500.00","$148,500.00",242904273501000930
2026-09-01T04:20:00,CLOSED,2025CA004657A000BA,08/31/2026 10:00 AM ET,"1509 GULF VUE DR HAINES CITY, FL- 33844","$364,580.42","$320,025.00","$277,300.00",272720749027000140
2026-09-01T04:20:00,CLOSED,2025CA005300A000BA,08/31/2026 10:00 AM ET,"44 CEDAR ST HAINES CITY, FL- 33844","$69,446.05","$100,473.00","$69,446.05",272729783000094070
2026-09-01T04:20:00,CLOSED,2026CA000885A000BA,08/31/2026 10:00 AM ET,"3101 AVENUE U NW WINTER HAVEN, FL- 33881","$156,254.40","$98,918.00","$156,254.40",252813342500008340
2026-09-01T04:20:00,CLOSED,2024CA003504000000,09/09/2026 10:00 AM ET,"547 BIG SIOUX CT POINCIANA, FL- 34759","$309,259.18","$234,378.00","$309,259.18",282815935360023060
2026-09-02T04:19:54,CLOSED,2024CA000341000000,09/01/2026 10:00 AM ET,"9202 WINCHESTER ESTATES CT LAKELAND, FL- 33810","$312,946.24","$238,169.00",Hidden,232704000730000540
2026-09-02T04:19:54,CLOSED,2025CA003058A000BA,09/01/2026 10:00 AM ET,"3340 BACKWOODS DR LAKELAND, FL- 33810","$144,032.77","$54,090.00",Hidden,232809000000023190
2026-09-02T04:19:54,CLOSED,2025CA003159A000BA,09/01/2026 10:00 AM ET,"231 GROUPER CT POINCIANA, FL- 34759","$328,159.56","$205,602.00","$196,500.00",282802934710114160
2026-09-02T04:19:54,CLOSED,2025CA003611A000BA,09/01/2026 10:00 AM ET,"5836 DAUGHTERY DOWNS LOOP LAKELAND, FL- 33809","$424,499.20","$256,183.00",Hidden,232724008933000290
2026-09-03T04:20:06,NEW,2025CC012154A000BA,09/08/2026 10:00 AM ET,"304 GROUPER DR POINCIANA, FL- 34759","$28,601.68","$178,527.00","$28,601.68",282802934710141020
2026-09-03T04:20:06,NEW,2018CA002808000000,09/22/2026 10:00 AM ET,"710 DIVOT LN POINCIANA, FL- 34759","$219,629.45","$195,612.00","$219,629.45",282713933500065009
2026-09-03T04:20:06,CLOSED,2025CA004854A000BA,09/08/2026 10:00 AM ET,"339 DRUM CT POINCIANA, FL- 34759","$321,726.25","$252,614.00","$321,726.25",282802934710130220
2026-09-03T04:20:06,CLOSED,2026CC001211A000BA,09/22/2026 10:00 AM ET,"1836 N CRYSTAL LAKE DR APT 100 LAKELAND, FL- 33801","$12,663.79","$159,000.00",Hidden,242820239220010040
